t,modelo,ret,vol,mdd
1890,1/N,0.0498741673978571,0.1522281003473791,-0.0514392277827708
1890,MinVar,-0.0232344270965659,0.1642862289227367,-0.0580027518383469
1890,MaxSharpe,-0.0359059924680758,0.2092584104571273,-0.0768270357392345
1890,MLP,0.0023339517001876,0.1695325162490841,-0.0629088412739876
1890,ANFIS,0.0664975923860233,0.1684616084207085,-0.0579300486983485
1890,OWA-Guardian,-0.0203725350356957,0.1583458173797531,-0.0703996219967155
1890,OWA-Sentinel,-0.0322739972119885,0.1657411651963329,-0.0829147811181602
1890,OWA-Pragmatist,-0.0416251660552748,0.1752508555154236,-0.0930305172886503
1890,OWA-Analyst,-0.0497013274760145,0.1856778314246016,-0.1042157743528225
1890,OWA-Strategist,-0.0522293016307902,0.1979184690735136,-0.1111631635896643
1890,OWA-Adventurer,-0.0672441638710443,0.2400306527606637,-0.1405884231336903
1890,OWA-Innovator,-0.0302090602329828,0.2452108312601745,-0.1229273823714708
1890,OWA-Visionary,-0.0214590995144398,0.2281919710719754,-0.1188792687967419
1953,1/N,-0.0445833552159531,0.1574491878550394,-0.1344033034028615
1953,MinVar,-0.0566851231629906,0.1731788162725451,-0.1346280634685219
1953,MaxSharpe,-0.1578846230081958,0.2058265321245412,-0.1925081916824674
1953,MLP,-0.0157372596622082,0.1951411067240142,-0.1365994702794443
1953,ANFIS,-0.1121432746032973,0.1653653306823101,-0.1778632419092751
1953,OWA-Guardian,-0.0566637971910518,0.159990989778634,-0.1421082383239401
1953,OWA-Sentinel,-0.0452033802845816,0.1646551526928856,-0.1375058585293181
1953,OWA-Pragmatist,0.0030058083863716,0.2685608166316175,-0.1760695026432697
1953,OWA-Analyst,-0.04526783993808,0.1840704672304073,-0.1363145445062452
1953,OWA-Strategist,-0.0515502325481023,0.1887409279126764,-0.1362194266096935
1953,OWA-Adventurer,-0.0678109756229687,0.1947548759941527,-0.1472848175252148
1953,OWA-Innovator,-0.0852619585919432,0.1994514006713452,-0.1400950289494333
1953,OWA-Visionary,-0.0877155028174492,0.1942779494717569,-0.1394747365404176
2016,1/N,0.2332549057455328,0.1247865811311278,-0.0320233243069688
2016,MinVar,0.215389296735823,0.1243409761506064,-0.0408280402850421
2016,MaxSharpe,0.2217930316991954,0.165370600569692,-0.0632442335001851
2016,MLP,0.2393343863142857,0.1411597272846113,-0.0268247572596976
2016,ANFIS,0.2393343863142857,0.1411597272846113,-0.0268247572596976
2016,OWA-Guardian,0.2350682192730746,0.1285789945832784,-0.0276358390195052
2016,OWA-Sentinel,0.2350497384516265,0.1285325360959897,-0.0276818392436807
2016,OWA-Pragmatist,0.2507420593964153,0.1338416020199291,-0.0313141286505941
2016,OWA-Analyst,0.2064083149166641,0.1382641594357433,-0.029119709572969
2016,OWA-Strategist,0.1962792250776636,0.1448825329816069,-0.0302468017018386
2016,OWA-Adventurer,0.2225042701608118,0.130267481379776,-0.0354961815215559
2016,OWA-Innovator,0.1976235673064904,0.1278641310724442,-0.0366115047507434
2016,OWA-Visionary,0.1709464094510274,0.1125614642529692,-0.0366708574228328
2079,1/N,0.1209400577218652,0.1523369507709575,-0.0547504358616477
2079,MinVar,0.1015148153602012,0.1413042158602934,-0.0427729553889048
2079,MaxSharpe,0.1925395200445284,0.1484886725032192,-0.0513483265022071
2079,MLP,0.1205104976755242,0.1745365521558267,-0.0781457931552968
2079,ANFIS,0.139003345289965,0.1752387949349248,-0.0625507928977054
2079,OWA-Guardian,0.2244715085556376,0.1571303263494755,-0.0457704049667688
2079,OWA-Sentinel,0.2057266293842594,0.1583254894352075,-0.0547545993957164
2079,OWA-Pragmatist,0.2015660734646926,0.161550365371441,-0.0566915568552441
2079,OWA-Analyst,0.2168521999091333,0.1647385212300404,-0.0582087252290733
2079,OWA-Strategist,0.2161626396211418,0.1751593729669644,-0.0617842253480429
2079,OWA-Adventurer,0.2491348883573015,0.1807310656702653,-0.0576933695998417
2079,OWA-Innovator,0.2488113172696364,0.1843028613421179,-0.0534111697835445
2079,OWA-Visionary,0.2253646239672927,0.2061338644272733,-0.062419363411813
2142,1/N,-0.0086860148319334,0.2315501419788734,-0.0576629960176706
2142,MinVar,0.0549413206005656,0.2206120453363284,-0.0464589579649394
2142,MaxSharpe,0.0183674758088051,0.3972577908275572,-0.1171585821945334
2142,MLP,0.0017101675508257,0.2416538036439118,-0.0599021627924347
2142,ANFIS,0.0233867105179454,0.1803327264945482,-0.0486560384335422
2142,OWA-Guardian,0.0044764315562435,0.3578686469515716,-0.1053125137366726
2142,OWA-Sentinel,0.0030476340025646,0.3624200577223072,-0.1068139988512171
2142,OWA-Pragmatist,-0.0218332085766488,0.3789335746988807,-0.1128571820635327
2142,OWA-Analyst,-0.037866287264305,0.3979239619473857,-0.1184824991402978
2142,OWA-Strategist,-0.0516960185664067,0.4311472972561148,-0.127980820241901
2142,OWA-Adventurer,-0.0498811010802619,0.483641232272933,-0.1438019447331223
2142,OWA-Innovator,-0.0588671019339391,0.5546189803336924,-0.163133532299929
2142,OWA-Visionary,-0.0641926003841661,0.5812142285950289,-0.1702196065067783
2205,1/N,0.102764808798609,0.0959923379246276,-0.0260512400974481
2205,MinVar,0.0761046952217145,0.097393187597483,-0.0359222918540987
2205,MaxSharpe,0.1786342573135784,0.1038698318560099,-0.0209974712351636
2205,MLP,0.0646331661563077,0.1058143612803047,-0.0299250966348419
2205,ANFIS,0.1068194217607549,0.098600676473569,-0.0219807438713031
2205,OWA-Guardian,0.094712960265856,0.1151974829634991,-0.0251166124105606
2205,OWA-Sentinel,0.0887234633119257,0.1043913128646406,-0.0239406480948074
2205,OWA-Pragmatist,0.0570274500704453,0.1101420320446712,-0.03125106588435
2205,OWA-Analyst,0.0602812108857511,0.1178993345035553,-0.031772979523502
2205,OWA-Strategist,0.0589428874681669,0.1152814466774727,-0.0317920951501985
2205,OWA-Adventurer,0.0576271410030571,0.1105469327671073,-0.0267209147313229
2205,OWA-Innovator,0.0568215194467497,0.1133003638033531,-0.0264875521635178
2205,OWA-Visionary,0.0518702433565983,0.1086360140154156,-0.0283479590784593
2268,1/N,0.0795905357211748,0.0998466926474874,-0.0291195424370959
2268,MinVar,0.0654448352554124,0.097363837809717,-0.0215209351949882
2268,MaxSharpe,0.1246114719885541,0.1298353314167402,-0.0301413411417535
2268,MLP,0.0594105189850193,0.099193122617035,-0.0258722386878575
2268,ANFIS,0.0971310955041563,0.1182794207261121,-0.0256632811677246
2268,OWA-Guardian,0.0890330689055633,0.121947092385569,-0.0397209293441277
2268,OWA-Sentinel,0.1151348351674661,0.1203718194377399,-0.0288376223557549
2268,OWA-Pragmatist,0.0919182610390394,0.115882738381073,-0.0330104806856181
2268,OWA-Analyst,0.042331529140987,0.1690450519523689,-0.0593394766617805
2268,OWA-Strategist,0.0421844552111239,0.1586467113787296,-0.0516311705905119
2268,OWA-Adventurer,0.0299291023690466,0.1009710046795865,-0.0304731052246352
2268,OWA-Innovator,0.1163012015270859,0.1820501950243604,-0.0596343586258854
2268,OWA-Visionary,0.1154253081345531,0.1814141895563708,-0.0596843451557982
2331,1/N,0.175466183427887,0.3172044936284975,-0.0717817135360988
2331,MinVar,0.1390655505906882,0.2169093336226355,-0.0432800794060829
2331,MaxSharpe,0.1473084612272324,0.3200013929828062,-0.0816260053474626
2331,MLP,0.1222651036642185,0.2695130837594093,-0.0619313748186266
2331,ANFIS,0.1222651036642185,0.2695130837594093,-0.0619313748186266
2331,OWA-Guardian,0.088005359267891,0.2897513933296251,-0.0615499600850503
2331,OWA-Sentinel,0.0955938032341862,0.3218253738101247,-0.075191357627309
2331,OWA-Pragmatist,0.1018879132404291,0.3449764154196237,-0.0857403780127403
2331,OWA-Analyst,0.1038132265789036,0.3635014432366052,-0.093840702167809
2331,OWA-Strategist,0.1189042733912474,0.3509290097760241,-0.0940293731407511
2331,OWA-Adventurer,0.1178515595355993,0.395107388958867,-0.1083010227137284
2331,OWA-Innovator,0.1170731202164831,0.4392559018672785,-0.1207326108876012
2331,OWA-Visionary,0.1326575529702795,0.4591021711725698,-0.1265745640730791
2394,1/N,0.0839470248139745,0.13132411933575136,-0.04860776977014447
2394,MinVar,0.10210959238298319,0.19230999248663566,-0.06688040939694417
2394,MaxSharpe,0.126354564010205,0.1393397508614138,-0.03693570489988196
2394,MLP,0.07768425952385088,0.20369807631780118,-0.08012710431392733
2394,ANFIS,0.06473699585478154,0.17182819774470628,-0.06147162756303237
2394,OWA-Guardian,0.11478712209711237,0.11834996832017639,-0.024040447477882365
2394,OWA-Sentinel,0.05877015444351732,0.21929489956742534,-0.08553361262755843
2394,OWA-Pragmatist,0.059368136898409335,0.20462250987325514,-0.0769662093079152
2394,OWA-Analyst,0.058542607686012,0.2001140855510321,-0.07051234972306475
2394,OWA-Strategist,0.05723292528280624,0.19657368808964015,-0.061303325135422915
2394,OWA-Adventurer,0.05464532075225096,0.18902429550005564,-0.05355872409117701
2394,OWA-Innovator,0.08373155811614412,0.16682860177172518,-0.05915254805589387
2394,OWA-Visionary,0.08451640179739718,0.17027455189177076,-0.06156657715145086
2457,1/N,0.1802422649417879,0.12227180237620655,-0.022522433862082303
2457,MinVar,0.10808665877097473,0.11714568588486407,-0.025592805254534445
2457,MaxSharpe,0.22879693186998754,0.1621004429065728,-0.03374516094507485
2457,MLP,0.08463823106973385,0.10630157438659933,-0.018426226137274848
2457,ANFIS,0.08904088458237266,0.12310295917578497,-0.02664606972725647
2457,OWA-Guardian,0.15138090319056913,0.11993618623276563,-0.023779833612747825
2457,OWA-Sentinel,0.17883171572913523,0.1384218540618375,-0.026299315291256065
2457,OWA-Pragmatist,0.18643572766272254,0.14785986689429562,-0.02565891469534176
2457,OWA-Analyst,0.18702481572891583,0.16256868350623982,-0.030588869786049466
2457,OWA-Strategist,0.19396941675884433,0.1866395151860615,-0.03581198308253675
2457,OWA-Adventurer,0.19692183233194294,0.20314596657455636,-0.03837942877111722
2457,OWA-Innovator,0.21038084198442322,0.22178636716070976,-0.0422418914926832
2457,OWA-Visionary,0.22249647830549849,0.238805607614061,-0.045738026390107045
2520,1/N,0.12300771180991063,0.19520703382205884,-0.07118605164132674
2520,MinVar,0.08697146726067315,0.17989121892525148,-0.07487530486042748
2520,MaxSharpe,0.10633968834461112,0.28288797343353234,-0.07430278335984686
2520,MLP,0.13815575818884493,0.18073799646263203,-0.06110813283287575
2520,ANFIS,0.16739324677676512,0.19612598295139436,-0.07183589754608866
2520,OWA-Guardian,0.09920914171062056,0.22713469085073967,-0.08623443025395272
2520,OWA-Sentinel,0.12757744941577237,0.27231599831724346,-0.07717838786323994
2520,OWA-Pragmatist,0.1467557209310526,0.3077308141761278,-0.08709402656152421
2520,OWA-Analyst,0.16977678067435484,0.31957397592161596,-0.08586565782586719
2520,OWA-Strategist,0.18353862898163845,0.35542936650189016,-0.09446576824568786
2520,OWA-Adventurer,0.20056508897190573,0.3832435051750456,-0.10228330629655824
2520,OWA-Innovator,0.1810049666227129,0.29656030382167414,-0.07664764209130515
2520,OWA-Visionary,0.1681843825935245,0.28790747056260074,-0.07715097093556655
2583,1/N,-0.0022622180742382257,0.24685349685859334,-0.08765553737160581
2583,MinVar,-7.803878468287868e-05,0.24929500589383458,-0.1156702180019552
2583,MaxSharpe,-0.010622690211417516,0.25763311453751364,-0.09084090453032245
2583,MLP,-0.006332437275963116,0.2974603565009417,-0.10875835297241654
2583,ANFIS,0.006829570738262849,0.2330530841230002,-0.07614455661873432
2583,OWA-Guardian,0.010976304217373615,0.25412256391800037,-0.09900530895699511
2583,OWA-Sentinel,0.011482798641356609,0.2563437548187578,-0.10064486849274068
2583,OWA-Pragmatist,0.016579103219899055,0.2678636870096669,-0.09790735155873798
2583,OWA-Analyst,0.01829753827418076,0.28202078585714435,-0.09941835471201066
2583,OWA-Strategist,0.022634669990579736,0.30439761545628585,-0.10007795427056776
2583,OWA-Adventurer,-0.001333146439202291,0.33344674502648947,-0.13795789775604095
2583,OWA-Innovator,-0.014778074744649716,0.3579729634954025,-0.1572757900764321
2583,OWA-Visionary,-0.004909560172700688,0.288047441921305,-0.1287697894182157
