date,OWA-Guardian,OWA-Sentinel,OWA-Pragmatist,OWA-Analyst,OWA-Strategist,OWA-Adventurer,OWA-Innovator,OWA-Visionary,1/N,MinVar,MaxSharpe,MLP,ANFIS
2019-02-06,1.0,1.0,1.0,1.0,1.0,1.0,1.0,1.0,1.0,1.0,1.0,1.0,1.0
2019-02-07,0.9906621783795071,0.990614498185142,0.9906045507884964,0.9904928447755715,0.9902999948003932,0.9902375788684372,0.9890856278934843,0.9884970812316305,0.9882535496282931,0.9913845494091864,0.9908445821472996,0.9904191496068839,0.9889819706479621
2019-02-08,0.9865529648165609,0.9871363671762963,0.9873700782148981,0.9873909452425728,0.9872276496461421,0.9872688893036791,0.9862502496511736,0.9858327979683984,0.990545579381612,0.9901727599028816,0.988298132135502,0.994868099657629,0.9934939355432548
2019-02-11,0.983932983013586,0.982896213412695,0.9824842765604359,0.9825382407007772,0.9830232708522976,0.9830054482107468,0.9836546126221156,0.9829390942215255,0.987733934917739,0.9864009138191342,0.9867103259558062,0.9957162527609084,0.9926799866204952
2019-02-12,0.9852620849590743,0.9842278619617981,0.9838346665117126,0.9835435789590217,0.9833579432379467,0.9831485342199342,0.9841821377047768,0.9857528997864062,0.9911694531263582,0.9896401784608215,0.9921678245131187,0.9968421527559926,0.9938750196728208
2019-02-13,0.98245262494022,0.9814746559689642,0.9811088322448391,0.9808401292203311,0.9806903771406318,0.9804996980831424,0.9823758047462157,0.9849753097954563,0.9913221601070852,0.9863751065248418,0.9937951114468836,0.9977471337494144,0.9950567739774747
2019-02-14,0.9878586272752423,0.9862954120506492,0.9856978660199561,0.9853025249309447,0.985105027584143,0.9848125942249832,0.9867619583560959,0.9892572792168466,0.9945666517269713,0.9876135024291369,0.9936983081538542,0.999372632242966,1.0004534896486046
2019-02-15,0.9912334659771217,0.9906462230866139,0.9904388894896523,0.9902565419256699,0.9901511970520649,0.9900317992791264,0.9934981185128464,0.997796863134534,1.0027187901527461,0.9929671678232493,1.007576471964044,1.0053392920464805,1.0071221687945628
2019-02-18,0.9907597079869053,0.9888671217454629,0.9881560650851322,0.9874951390993784,0.986910091257728,0.9864567452300448,0.989622435659267,0.9946906061636371,1.0008029469436854,0.9919484781023586,1.005766475653759,1.000137572118838,1.0081299425260963
2019-02-19,0.9901931136571569,0.988133261326064,0.9873489345062196,0.9867372344301311,0.9862983711892327,0.9858616727596415,0.9892261601295678,0.9938481831536357,0.9966212639815224,0.9882662239887398,1.0041495905200575,0.9937370737982105,1.006409643354651
2019-02-20,0.9876024569030563,0.9870577475881239,0.9868734135840589,0.9866794999812538,0.986551189453401,0.9864305736819705,0.9906547704886922,0.9959397394329993,0.9968351834219935,0.988862614944822,1.0086696762184595,0.9955540297883276,1.0093886171702626
2019-02-21,0.9865544372445187,0.9863399098741126,0.98627357862392,0.9863324945825426,0.9865756309359652,0.9866110560594572,0.9911528606909195,0.9955825401914515,0.9948468535495485,0.9872572750896629,1.0071091184534402,0.9968250167708812,1.006789911154156
2019-02-22,0.9918580322595526,0.9930050263803326,0.9934578560550382,0.9939132785983208,0.9944333605173312,0.9947535389906781,0.9997213572047685,1.0034797552484156,0.9992608817886589,0.9915944364517161,1.0101879813972994,1.0022559580261723,1.0106255484752744
2019-02-25,1.0021753255412587,1.0026962143108313,1.002883648138357,1.0031936660391512,1.003609069088117,1.0038043706183808,1.0099857931191532,1.0143435388600452,1.0084465237891627,1.0010091685051152,1.0156479711660844,1.011845332652071,1.0225487104796778
2019-02-26,1.0107664770663205,1.010517392489603,1.0104033790756302,1.010288584175355,1.0101220431724247,1.0100341033802185,1.0159486217084126,1.0210924299419843,1.0156713035719125,1.011693501068239,1.0201474697192912,1.0175018811860312,1.0302090546445626
2019-02-27,1.0051636200475598,1.00608421049747,1.006441783112056,1.0066501498878968,1.0067379330661312,1.0068991590966423,1.0137657523332921,1.0199792860198031,1.0151277761070523,1.0113272213091464,1.0213264647486382,1.0195264711080956,1.0303004414288182
2019-02-28,1.0064123698241805,1.0032368726694345,1.001927742541972,1.001957895306471,1.0030819145364651,1.0029206062596023,1.011960011404804,1.015574918120647,1.0075341367353148,1.0068800920890735,1.0097442816353455,1.0167449736358796,1.0312735273544027
2019-03-01,1.0108023747784622,1.0089715539556834,1.0082184391207067,1.0080083723608169,1.0082083291645898,1.0079846567187407,1.014860730280542,1.019471270129265,1.0151599805151688,1.0126724640214881,1.0201039318947405,1.020616576387795,1.0343304803115583
2019-03-04,1.0117136262162831,1.0096717691650754,1.0088305354139213,1.0085312677281195,1.0086153214324254,1.0083267810111698,1.016146849623411,1.021604629087069,1.01115078190197,1.0096225275782214,1.0199334624998235,1.0156085044095329,1.032121065817673
2019-03-05,1.0131194778575356,1.0146095228746093,1.0151562650762858,1.015414516291174,1.0153496471678518,1.0155491152921146,1.0215375146885373,1.0264664371769474,1.0136639671730205,1.0101499417649027,1.0195879535466892,1.014598914368631,1.0329018176271827
2019-03-06,1.0216627648426861,1.0227890163157118,1.023196358460405,1.0234453498538214,1.0235042523512645,1.023684066626734,1.0290196555632671,1.0329613690087542,1.0233638524335633,1.0208210967716629,1.0288582108480984,1.028376394408926,1.0450015408155577
2019-03-07,1.009629323317866,1.0132572700865796,1.0146642059979152,1.0155612359602784,1.016051122299356,1.0167330589180315,1.021930495078247,1.0259213730428964,1.0158254962521267,1.0142856891448038,1.0207981529178014,1.0228820563276266,1.036587413536846
2019-03-08,1.0009219164782734,1.002977047387268,1.00377416277952,1.0045817703361035,1.0054957469906787,1.006060195323318,1.0121827439510311,1.016384464158272,1.006608757102575,1.0058107807333714,1.0141858868837839,1.0126064707853104,1.0300088994975414
2019-03-11,1.0115448891859296,1.0156674753678565,1.0172771113397576,1.0184070596030481,1.0192106396699558,1.0200572195350404,1.0259426127321318,1.0303812990455923,1.0217394103615545,1.0177809900207282,1.0267471294742176,1.0297768638822011,1.0450998382196883
2019-03-12,1.0148866471341376,1.018414424389321,1.0197901536408431,1.0207762216839318,1.0215091451972085,1.022244633020499,1.0286642139275535,1.0337616668388379,1.0263871649646905,1.021312031511297,1.0319292254887418,1.034215268637903,1.0494756875452442
2019-03-13,1.025716925648279,1.0330846261091555,1.0360130439747337,1.038079191951526,1.0396713170590595,1.041238492438228,1.048607131976109,1.0549816667685699,1.0417856177933644,1.0321437843972807,1.0593673936968773,1.052361190073723,1.0603858889422828
2019-03-14,1.0346500114028494,1.043665844769105,1.0472395478349243,1.0497417393330903,1.0515927625875425,1.0534879516392908,1.0600083302899055,1.0651320158799207,1.0491450005482168,1.0402445962066524,1.0680961694204916,1.060802044449749,1.0636822751378374
2019-03-15,1.0453109581122002,1.0541836445859598,1.0577265271820444,1.0603552749101621,1.0625744847327612,1.064553753195514,1.0723901512809029,1.0793360178828582,1.0535083131262653,1.043400773840207,1.0880353028150074,1.0583171641688631,1.066685758707123
2019-03-18,1.05989100837583,1.068611955219035,1.0721548543535548,1.0755157424246655,1.0794192725200602,1.0818620106093673,1.0919630875064779,1.1000056769730753,1.0659817174235064,1.059168486612509,1.109586129242363,1.077252634163886,1.0852380144999683
2019-03-19,1.0540671927771061,1.066625641181422,1.0717157150772079,1.0762883831515786,1.081282080218668,1.0846347238824525,1.0958470448097135,1.1041227169848882,1.0716190995368078,1.058123849408404,1.1198112787884758,1.0879680441286623,1.0878398822083166
2019-03-20,1.0594667070963475,1.072084854038858,1.0771592301436588,1.081570111565095,1.086127648130598,1.0893622915323835,1.10185491297214,1.1109319551737902,1.081515469004392,1.0686576770943537,1.1198847238742573,1.1009455341855996,1.0987827297144779
2019-03-21,1.0536938736139332,1.0704861738047031,1.0772207790052228,1.0822542255385585,1.0864921827831509,1.0902859358663823,1.1012771528995886,1.1098618254833803,1.0767297575336991,1.0645070829283547,1.1153104784529102,1.095582072474501,1.0875019603015674
2019-03-22,1.0385215398937429,1.0531555548765406,1.059056310654288,1.063447604742391,1.0672533586444808,1.0705823319290972,1.0790128953646185,1.0867931179010901,1.0679962045780405,1.0531375649029777,1.09858358738216,1.0862676068227841,1.0809331435194345
2019-03-26,1.0431889663929685,1.0608363832692234,1.0679894444493487,1.0735108676217597,1.0785858335694565,1.082756564244746,1.0921040287523935,1.100618279641739,1.0740654637761675,1.056640319766401,1.1166448032678253,1.0941402795662616,1.0855608349225407
2019-03-27,1.0234845531624528,1.0403467741101151,1.0471854472099376,1.0522192997583553,1.0565875623213479,1.0604294225424862,1.067795735981149,1.075521291617645,1.053119826586834,1.0373306500055348,1.0859964554368366,1.0690383204164264,1.0664919727305706
2019-03-28,1.0260265348923723,1.0412469649841842,1.0474024838550278,1.0515960883731323,1.0548173131575997,1.0580648533199182,1.064193774249149,1.0716715834831416,1.0560521055385104,1.0395889060308257,1.0766860950011283,1.0692599596055123,1.069167126649457
2019-03-29,1.0335316671041854,1.0507274437821887,1.057663429856125,1.0623117457137632,1.0656923129420126,1.0692955220216152,1.0755949664400943,1.0830396087708718,1.0651499510574225,1.0462598279296942,1.0865698588341879,1.079326795742976,1.074865286112078
2019-04-01,1.0254818528475187,1.0424581911571178,1.0493443424125213,1.054039828797105,1.0576772703969246,1.0613216104430294,1.0690193545721502,1.0787411139050804,1.0629417688599851,1.0379707731099714,1.0921252236210315,1.0787381107693115,1.072232522947955
2019-04-02,1.024997296491094,1.0427922516356871,1.0500093487823496,1.0549031820689825,1.058638810257029,1.0624408273047536,1.0696032440253314,1.078565854729476,1.0616342986829195,1.0403531056527016,1.0895736154259195,1.0780581620304213,1.0727633433075692
2019-04-03,1.0411196390827113,1.0581659932247183,1.0650717295627148,1.0696547160433942,1.0730234410713446,1.0765985337327877,1.0818639335489912,1.0890716662494233,1.0715443500287725,1.0533631545632822,1.102049522008092,1.083472703480863,1.081410858270816
2019-04-04,1.041602147884285,1.0606662390244197,1.0683628597380082,1.073395472680354,1.0768756894736509,1.080800859060501,1.084408572235507,1.0894546985369176,1.0718130565378834,1.0544809349163833,1.0928771709218332,1.083800768966157,1.0835004691265515
2019-04-05,1.0522639830218399,1.0717996483056471,1.0796536477081315,1.084680506314681,1.0879052650092884,1.0918292193533168,1.0949097787939348,1.098625999903766,1.0733326094409337,1.0607101344993146,1.094350734813039,1.0805603648742759,1.0865255626378614
2019-04-08,1.0588492389573214,1.0785722513179163,1.0864821905247277,1.0915851552862361,1.0948568730667092,1.0988235040678411,1.103356662532057,1.1076402235714675,1.0786590133196083,1.0657711678351727,1.1010311018221344,1.0861413855543145,1.091633302540486
2019-04-09,1.065466570812041,1.0850864397286877,1.092978556856814,1.098220739184464,1.1018695240856162,1.10592939590903,1.1092717486084092,1.1126726815976757,1.0840334224390067,1.0721938174049161,1.1055536891818292,1.0899105434916023,1.0952328309210202
2019-04-10,1.0676783755998345,1.0866852852432873,1.094330773320974,1.099488441987126,1.1032005225431227,1.107181733075896,1.1112829374389324,1.1154098307611668,1.089627601460254,1.075220750311556,1.1075718135886883,1.0928726555289312,1.1010480102410458
2019-04-11,1.0625396567372078,1.0814528086368458,1.0890618254037818,1.0941210345798547,1.0976673596764037,1.1015858261133276,1.1037437806438914,1.1064006161737343,1.0845337758666274,1.0714235621069574,1.0964480374217664,1.085029997737902,1.0973214851883344
2019-04-12,1.0625396567372078,1.0814528086368458,1.0890618254037818,1.0941210345798547,1.0976673596764037,1.1015858261133276,1.1037437806438914,1.1064006161737343,1.0857286987819796,1.0719848855265348,1.0964480374217664,1.085660139677528,1.0983673832440974
2019-04-15,1.050855905603878,1.064448060358176,1.0698899806584592,1.0731782895380078,1.075070752462584,1.0776668171271222,1.0781556124957177,1.0801569765201198,1.0691495475786335,1.0641247470091733,1.0671182064869962,1.0628481832368082,1.0911968173970672
2019-04-17,1.0508358519253878,1.065794948184257,1.0717706674622287,1.0753848814970575,1.0774008771935695,1.08024580086842,1.0879537025701607,1.0968504917774746,1.0811771364178144,1.069919135020662,1.0926498601851744,1.079510493616416,1.1053433053876645
2019-04-22,1.0618515065503693,1.0809010661571428,1.0885504019316523,1.0935693567993574,1.096985744121022,1.1008763282458045,1.1036094511249912,1.1066669645010907,1.0851999484561377,1.073881582467985,1.0958960257059143,1.0860561819116314,1.1018621575812264
2019-04-24,1.0676420380968095,1.0847813829892612,1.0916452842045843,1.0960943033553077,1.099041438842038,1.1024926350174544,1.1052827235792058,1.108413284895631,1.0917145475155108,1.0794340889622582,1.0951315429298922,1.091777435175186,1.1122798437834553
2019-04-25,1.0719017097680568,1.0890481592531638,1.0959141814320796,1.1004171112639611,1.1034722923416527,1.106955699485815,1.108863732939503,1.1111004052565319,1.0971878005091447,1.0851510504666173,1.0989068891178857,1.1001481949969318,1.1165075522508685
2019-04-26,1.0721951645538534,1.0892959493512524,1.096142247313624,1.1004815705865383,1.1032155480017611,1.1065981056768788,1.1079419436728022,1.1100686397617598,1.0986683814671405,1.08633577210465,1.0994499932779334,1.101692431151402,1.1164285893647379
2019-04-29,1.0739021191675748,1.0904611589520108,1.0971271529296183,1.1011023525930914,1.1033728817568291,1.106535138918242,1.1050187488341847,1.1064014223204846,1.098313606110852,1.0877442031145939,1.0972494351865945,1.0962977100471365,1.1171316143826093
2019-05-02,1.0682877189771447,1.0803617415540416,1.085227129922397,1.0877067326764087,1.0886149808447416,1.0906781136831214,1.0868497743157544,1.0881041490880061,1.0905156259875184,1.0815201842194404,1.0798050687152236,1.082794526041797,1.1089203837233457
2019-05-06,1.055907428063825,1.0682730633322053,1.0732814123737595,1.0758249422537816,1.0768051065958442,1.0789350806596012,1.0747122063743597,1.0764950076110078,1.0829693590330292,1.0731877113906751,1.0693778885679106,1.0775157730488454,1.0998977444403792
2019-05-08,1.0403462029594168,1.0564043253478927,1.062907618232986,1.0662322114174436,1.067454997403381,1.0702291767439742,1.0648338267016617,1.0664472422456805,1.0723799487333299,1.0628073747671494,1.062129364381862,1.0677314112945056,1.0822634946118423
2019-05-09,1.0394617440487197,1.0563982490532884,1.0632391793784128,1.066887636825338,1.0684088025871032,1.0714072870395546,1.0688270064189762,1.0720094827061601,1.0728666968264369,1.0602228692854534,1.0727530879609826,1.0683180533634042,1.0819115776913384
2019-05-10,1.042023456755254,1.0579861161550659,1.0644295901731988,1.0677927210866147,1.0690888533823433,1.0718688165810506,1.070994941973923,1.075896001210415,1.0734285753132646,1.0616252621718145,1.079849732958483,1.0677918834053632,1.086410258594813
2019-05-13,1.0250555148758977,1.0416139214175741,1.0483057737485808,1.0516016695614663,1.0525460818734658,1.055318525899337,1.0540299571844831,1.0595291586405837,1.0596489721554987,1.049247579001704,1.0682857977278732,1.052367500730758,1.0743278077494531
2019-05-15,1.0242286028008791,1.0402348961080525,1.0467074673952361,1.049917292634795,1.0509005133493214,1.0535978232465932,1.0522348503098682,1.0576554580644704,1.0590228404113282,1.0473226771493795,1.0682218331716282,1.0508135410641546,1.0792463596377193
2019-05-16,1.0185943257056393,1.0355394926078267,1.042411184450637,1.0460106534346214,1.047477818697579,1.0504632877860383,1.050215859093453,1.0567979018077618,1.0555673209682561,1.0415421779137914,1.0711536960754302,1.0478708327177888,1.0794910012404662
2019-05-17,1.0277624058115953,1.0417122389113003,1.0473855098094371,1.0500951890037973,1.0508970798301758,1.053217713393661,1.0534226810869343,1.0610661571005313,1.0566701605195452,1.0450553082474932,1.0756480220244033,1.0415737111551229,1.0847493369863577
2019-05-20,1.0102748937843067,1.0251737561351653,1.031249361538499,1.0341527324347846,1.0350314297926473,1.0375235813957606,1.0374693632340148,1.0457712904191956,1.044969384897443,1.03298898247758,1.0609632238831217,1.0305023151727728,1.0730390519686774
2019-05-22,1.0099613853898148,1.0248480933330755,1.0322247830768898,1.0362571319334821,1.037790361554272,1.0414834702435602,1.0411197404724495,1.0491191784482434,1.0482172679789246,1.0354881849973863,1.063992994798301,1.035517060364656,1.0764181028744124
2019-05-23,1.0059251741227098,1.0207641129910159,1.029451799169745,1.0337605431268306,1.034929079188073,1.038334959259089,1.0384618440249134,1.0469194829748412,1.0472462387470851,1.030852213404075,1.063076986378266,1.035798823920508,1.0769185647444695
2019-05-24,1.0035046848583258,1.0183079177979688,1.0258112927549314,1.0294741039996753,1.0316561468061713,1.034501062815735,1.0354607880796494,1.0447457590128193,1.0402627652474694,1.0273384600653157,1.0595481923682564,1.0285427754156478,1.0707402761296814
2019-05-27,1.010892415274957,1.025794110462765,1.031501600867744,1.0358751322520796,1.0372493818567927,1.0408541554993647,1.0415110692538836,1.0504095827413948,1.0451191348326536,1.0390503129343376,1.0647867840238168,1.0337583345289372,1.068991810753317
2019-05-28,1.0111357968742951,1.0260484352950199,1.0321212121707315,1.0361506015801127,1.0372493818567927,1.0408541554993647,1.0415110692538836,1.0504095827413948,1.0454163840634845,1.0393215501966275,1.0647867840238168,1.0342201055944715,1.069455842753628
2019-05-29,1.002847351147198,1.0176065476223395,1.023809428747237,1.0260526701953439,1.0278082835079045,1.032176476282832,1.0319598714004758,1.040373399843398,1.0361125544478984,1.0304253714242235,1.0518456693817126,1.0243918978732272,1.0599599649665368
2019-05-30,1.006224241613898,1.0210381615298907,1.029263155304834,1.0356657784724852,1.0381933330232118,1.0435584479971816,1.042604254471505,1.0499909437768975,1.0448189200946558,1.032310663109463,1.0638162698595013,1.035205346456437,1.0693368376017294
2019-05-31,1.013850043241433,1.0287932174841767,1.035821871819003,1.0426771778236057,1.0449790040211233,1.0506366042316002,1.0491276219742363,1.0559750859946062,1.049597627643518,1.0384035732590216,1.0717570614299219,1.0426505329929494,1.0770038401912638
2019-06-04,1.0168777204245971,1.0318713278070304,1.0417672947638585,1.0559073244470545,1.060332813447122,1.0643805728323097,1.0640293115457364,1.071270525812442,1.056016572940039,1.0395381174254346,1.0841387859912197,1.0531158772867442,1.091345278299013
2019-06-06,1.0136300360345083,1.0285800127100357,1.037896383404704,1.0594045968541632,1.064847782411596,1.0675278333218712,1.071059916447884,1.0810171083900506,1.0530728354978462,1.0367799759633733,1.094830755704122,1.0528606294223528,1.0837182508519783
2019-06-07,1.0198132024887592,1.0348488474245336,1.0440463321738382,1.0727618378644208,1.0798610621777314,1.0818979422402362,1.087335492758028,1.0980286095292673,1.0591185590571632,1.0386078997749582,1.1094518273749394,1.0615783096633291,1.0837429579634836
2019-06-11,1.0450535733433346,1.060526029975441,1.0696872258193673,1.0966470880422199,1.1035482448927418,1.107625104637451,1.1104693920127682,1.1188150211776187,1.0756714052102034,1.0512645477804434,1.1306217730026582,1.0829693946604482,1.1052357863628064
2019-06-12,1.0410080333054224,1.0564589205683494,1.0700422764466306,1.0965641873752279,1.1031938855706716,1.106757156176089,1.1126107953063562,1.1236954797736225,1.076333297591684,1.0533044299940852,1.135763592415206,1.0894010307182234,1.1024160637543623
2019-06-13,1.0439313555190162,1.059425009184501,1.073488204157632,1.1001585551468271,1.106807691540418,1.1080717236405766,1.1144325264774444,1.125900223087145,1.081377296965497,1.0552716707746677,1.1410193384386058,1.0923547357079664,1.1089939647652753
2019-06-14,1.0479006279785332,1.0634591194759049,1.076269159952912,1.1032106934255974,1.1097422748138839,1.110682148106626,1.1172595155021396,1.1288956028562693,1.08429437577031,1.0555405781180582,1.1446243055241092,1.0913832333673794,1.1091305363948176
2019-06-17,1.0391512100640268,1.0545725818093905,1.069576086659854,1.0869161977413153,1.0919790208406994,1.0924838908074277,1.0979092116665947,1.1094730270790856,1.0779050169028612,1.0500131947301388,1.125666236314639,1.0815834251125118,1.1046993141351986
2019-06-18,1.045705257121743,1.0612377216485591,1.0764984720228803,1.10398756136057,1.1097573716341775,1.1110720167746182,1.1172767582737553,1.128652181270767,1.0881060878762923,1.0606969620603164,1.146553220490357,1.095202964815063,1.1155092888343228
2019-06-19,1.0462626268589716,1.061813545309379,1.0792499731864855,1.1055521959984393,1.1113495282510362,1.113728422211819,1.1191210791261341,1.1298890578613467,1.090326648256088,1.0589035693431528,1.144644068511325,1.0969230180380336,1.119114135766296
2019-06-20,1.0484763471339709,1.0640901627563344,1.0792742247852192,1.108546554988696,1.1138743633778727,1.1172055400996321,1.123439596095001,1.1345687639581472,1.0962645932931177,1.0630953369403904,1.1526171298192582,1.1019583757383793,1.1251318638156371
2019-06-21,1.0506618218336565,1.0663151285975945,1.0846802950964793,1.1149231199802327,1.12024871488404,1.1220593918480177,1.128511871394936,1.140128779991398,1.0999224663647809,1.0709977222673488,1.1572058088205697,1.1057584733942754,1.1310307953048904
2019-06-25,1.0499201646829208,1.0655465821453016,1.085889273983541,1.1245132571164502,1.1325165809744602,1.1338269545628414,1.1423641607772452,1.1553670077321834,1.101477316624687,1.0725020395031581,1.1651501347451503,1.1090804333046913,1.1321397572626601
2019-06-26,1.0485908354800273,1.0641947156370866,1.0807795254143775,1.1065992089818204,1.1117253423654192,1.1142937244593747,1.1200281552867872,1.1312915999125577,1.0952450206718487,1.06826415382754,1.149597985986545,1.103458145390876,1.1258240460293718
2019-06-27,1.049285098925766,1.0648558018166014,1.0767860488827063,1.1062926721553,1.1121963886323614,1.1146015961530014,1.1198823166438456,1.1305799448172102,1.1030986649650543,1.0786806235989794,1.146829955138631,1.116989690887986,1.13995725744392
2019-06-28,1.049785077281136,1.0653641210073148,1.077129667709912,1.1083466461680893,1.1144453698531203,1.1176510773364556,1.123102045935962,1.1338448072158793,1.1054067126375493,1.0820528389848858,1.1504091746932925,1.120669378853421,1.1406958922684807
2019-07-02,1.0476050346084296,1.063156631119953,1.0752212398335077,1.108662126905514,1.114616951440313,1.1175923266942938,1.1232415311042605,1.134184207886982,1.103902499304612,1.0844795758991657,1.1463428660899035,1.1158842308641046,1.1401734538017771
2019-07-03,1.0476050346084296,1.063156631119953,1.0752212398335077,1.108662126905514,1.114616951440313,1.1175923266942938,1.1232415311042605,1.134184207886982,1.1042084284736982,1.0846822876628877,1.1463428660899035,1.1164760430970428,1.1407610805863642
2019-07-04,1.0548934131358165,1.070557540105876,1.0854974017319217,1.1233290160130842,1.1293286555781876,1.1312630088401323,1.1385153951969214,1.1502538364660984,1.116206568160089,1.0899152658977447,1.161855207155338,1.1276038317364894,1.15349832737781
2019-07-05,1.0568233972883185,1.0724833254080839,1.0862499597254132,1.1249064866489804,1.130894138622785,1.1330856482409095,1.1411181512199822,1.1534932697018885,1.118472055077265,1.0922717978695813,1.166185977358404,1.1287636007190855,1.1551198913486977
2019-07-08,1.0689026593799222,1.0846227676802567,1.1017485868617547,1.1499727190855324,1.1574516423179624,1.1587001255196696,1.169701082575074,1.18353976137687,1.1391829231129371,1.10937010233574,1.193596567268842,1.149756995783598,1.169517538952294
2019-07-09,1.0693177881538136,1.085044001658657,1.1020439286823944,1.1501938401192546,1.1576469997576018,1.158915290152798,1.1698711847981536,1.1836774531325374,1.1393273329839009,1.1094435388417223,1.1936963529091726,1.149756995783598,1.169517538952294
2019-07-10,1.0737712186736625,1.0895185382645898,1.1104620082189434,1.1677538423865612,1.1747997537630779,1.1752226259100644,1.187746922285786,1.2017221911727571,1.1480739843373973,1.1190452731512022,1.207054555097813,1.1581044349092298,1.1743989505468027
2019-07-11,1.0836753648038966,1.0995266468942724,1.122636814268623,1.179009151173588,1.1847723541060617,1.1849369099685625,1.198523005441148,1.2131058162394306,1.1583884249077863,1.1277130302764613,1.217073895266942,1.164909692898774,1.1858057587347766
2019-07-12,1.0842076690473348,1.100061220014624,1.1215580166286727,1.1737026982282472,1.1791970474213855,1.180820660469708,1.1928857062379319,1.2065344835215976,1.156717589092642,1.1253214956603494,1.2148769255369112,1.164614774620721,1.185773653645711
2019-07-15,1.0882825103052955,1.1042852064694195,1.1253124717841665,1.1836837097703539,1.1895799090136037,1.1895589689091686,1.2024549728609446,1.2161870016721226,1.1609336930549052,1.1309944827056735,1.2253402594848326,1.1754847273563498,1.187110682850641
2019-07-16,1.0883945229115406,1.1043924852828966,1.1254439638063853,1.1836837097703539,1.1895799090136037,1.1895589689091686,1.2024549728609446,1.2161870016721226,1.1611247562607205,1.1311344305469275,1.2253402594848326,1.1754847273563498,1.187381055879213
2019-07-17,1.1016735911165374,1.117940112679593,1.1397168839473526,1.1953056628449104,1.1978819197439654,1.1991356114424607,1.210355060204664,1.22262942040835,1.1733137674651644,1.1437382948330563,1.2354269596817031,1.1886829141011541,1.1997547818592653
2019-07-18,1.0920173167770857,1.1080652070391461,1.1334112514224652,1.1895287761905382,1.1934182724858295,1.1933676449890929,1.2063008606636618,1.2199667884022731,1.168909848398748,1.1367190977226507,1.2315374952161764,1.1836065838729697,1.1984943410611302
2019-07-19,1.0831735949845434,1.099055899761689,1.1215299134102252,1.1720371574575137,1.1754017645470538,1.1751361508585085,1.1877958382074316,1.2018588774959729,1.155961890676899,1.1278901289734604,1.2136038164593483,1.1665296112093229,1.1860025048289162
2019-07-22,1.0822190143909693,1.0980685812460373,1.1221031989695514,1.1717977349259843,1.1746275771000303,1.1742213086322302,1.1856742391662867,1.1988048009984502,1.1587341348674933,1.129408976474793,1.2119251180569253,1.1683964612097988,1.1921530314501525
2019-07-24,1.0914083884992694,1.1073979216721348,1.1289109290294177,1.1785798024943048,1.1818493515064417,1.1822712340162151,1.1932924501080016,1.2058190144630005,1.1639841648286198,1.1323758132258923,1.2230307520642485,1.1757217534734028,1.196164259075418
2019-07-25,1.0866278052438891,1.1025497672736333,1.1252918015374183,1.173784445849087,1.1789739919617939,1.1787300267749719,1.1921654229305947,1.2073324821150901,1.1605340376320616,1.12993740539086,1.2188746544797506,1.1725889459439256,1.1937367941914774
2019-07-26,1.0888160041580466,1.1047722617974445,1.12783109486729,1.1768032717938384,1.1800476336334995,1.1790215669737436,1.1910487623542005,1.2043291554825428,1.1612234310491556,1.1282733858910758,1.2193892310673782,1.175148133295466,1.197347591571741
2019-07-29,1.0875513244037154,1.1034537282419477,1.12313898399943,1.1715064812767106,1.1771900684081655,1.1765751426112983,1.1917558540042599,1.2083947531890473,1.1618496914756886,1.1319313663319928,1.22264711132763,1.1768243468194404,1.1954476669476015
2019-07-31,1.0765715228767554,1.0923098128489783,1.1099327660750422,1.156490746428011,1.1624869026846163,1.1630574477202695,1.1770670194279103,1.1934864677387635,1.151520757483735,1.1293822264553113,1.2035789549815958,1.1640730593276354,1.186294181511998
2019-08-01,1.0733512704443349,1.0890025657985256,1.1069697450671205,1.1576992799950332,1.1653769416032105,1.167100584215158,1.1810871089372081,1.1971312466510309,1.1520265719664557,1.1287208303842138,1.2085905242265675,1.1699561809167225,1.1834094701103302
2019-08-02,1.0572468399787565,1.0726349199243232,1.0888056379168058,1.1395225279371497,1.1459344262375788,1.1458404498133514,1.1612804236251921,1.1779623277652351,1.134918161901996,1.1094121788254911,1.1911510117130728,1.1505568218728923,1.1648353091483563
2019-08-05,1.0363451965546677,1.0513664782242196,1.0610608166394884,1.103567327834319,1.1100926314418857,1.110182340918975,1.1240007557971285,1.139900844370097,1.109504277474887,1.0815858896498909,1.1614602396528166,1.1223889728473568,1.143811688231257
2019-08-08,1.0755596446349545,1.0912513007274511,1.096297035366687,1.1448884840286035,1.1522591500404313,1.1539180912233509,1.1678006569302544,1.182877763574291,1.1390708920180437,1.1090101007983717,1.2126383835389631,1.1594271990151883,1.172572971742335
2019-08-09,1.075986427132211,1.091684309680172,1.0965972958003114,1.145113406645365,1.1524578531606917,1.1541370196912475,1.1679741696171404,1.1830183658579894,1.1392184224418465,1.1090851072243335,1.2127419619442845,1.1594271990151883,1.172572971742335
2019-08-12,1.0754952219691063,1.0911391999777627,1.0926891187954169,1.137566997473229,1.1448388078822112,1.1469992981273636,1.1603522829716526,1.1749927582093518,1.130881614185541,1.1056752167682389,1.2012072536463858,1.1491653873195142,1.1656374010183292
2019-08-14,1.0881416519970903,1.1040121463139727,1.1060963399151322,1.1505732606965557,1.158621709673081,1.1615983388108677,1.1745094946658587,1.1887067386673176,1.1433894325937561,1.1127175863096999,1.2187756261034473,1.1665404373669745,1.176807908536343
2019-08-15,1.0696553406406222,1.0851695500067713,1.0816963097580292,1.128302206018501,1.1390628007593648,1.1411938932741588,1.1560493010574635,1.1720059046168538,1.121612319540392,1.094078076459699,1.2031730297342735,1.1450786241448356,1.1544914000528557
2019-08-16,1.0771678912539817,1.0928177693505219,1.0904148541174026,1.1396766563468255,1.1506113769243875,1.1532854764142484,1.1680732153405433,1.183844457015166,1.1278002747090452,1.0977902485860265,1.2123138402488458,1.1506509273537038,1.161848971268602
2019-08-20,1.093185259710464,1.109092074930799,1.1097477333238814,1.1575516263209848,1.167216986412809,1.1699440631801659,1.1847174494568735,1.2004281637307044,1.1453195337154771,1.111570514949562,1.23383628762101,1.1720217989668358,1.1803343150249124
2019-08-22,1.085368694209865,1.1012462000164946,1.1046685713702638,1.1548689872621765,1.1633277671453748,1.1640711683547176,1.179679403181077,1.1963328560830395,1.1408297562152034,1.1118204194087804,1.2258776055726777,1.1655643143226075,1.1771164374185454
2019-08-23,1.0858050749697623,1.1016291980555102,1.1038663503837007,1.148545734532113,1.1566236044597973,1.1568827473360923,1.1733742203254578,1.1908156300350603,1.137425906982078,1.1060416142934284,1.2223258167834636,1.161833347854976,1.172058272475139
2019-08-26,1.066703069829797,1.0822408337467884,1.0852460874776833,1.1376488166041032,1.1461209788985876,1.1475399570272375,1.1616464438366771,1.1771124189661228,1.1312576090810542,1.107278561889372,1.2024305130326642,1.1499064370324161,1.1667653415381485
2019-08-27,1.066946237720958,1.0824948914470427,1.085863332412787,1.137935269978528,1.1461209788985876,1.1475399570272375,1.1616464438366771,1.1771124189661228,1.131562255680362,1.1075522459767086,1.2024305130326642,1.1503927883296876,1.1672448949154188
2019-08-28,1.0737829479456178,1.089398226779085,1.0945300713359587,1.1488790014409798,1.155286979414643,1.1561983569865666,1.1703872176204457,1.1858503399624665,1.141189688773756,1.1173376778261626,1.2120703839656572,1.154710711524076,1.1779305691667419
2019-08-29,1.0773806825070138,1.0930584752122716,1.0996359677030967,1.151320661389916,1.1574491901338375,1.1583930578458859,1.1719835447526665,1.1868425751159308,1.1448525523449231,1.1179499729904423,1.213673682332014,1.1605027362441518,1.1789455352502556
2019-08-30,1.0781450473579943,1.0938392795532292,1.1009212800772672,1.1540665653195339,1.1609951990347938,1.1629532149140878,1.1772146800557564,1.1926753318810654,1.1468166169672767,1.1192606030886996,1.2179012563005343,1.1634168047746902,1.1822031385471616
2019-09-02,1.086474428237458,1.1022986363354559,1.1130469062266717,1.1645641521896124,1.1715956769245566,1.1737005454444516,1.1879110667704498,1.2034002030147446,1.15584909471087,1.1225490450987046,1.2260739384698691,1.1714862170670863,1.187596890983075
2019-09-04,1.092436936525361,1.1082141192096557,1.1221860051585872,1.169851598622553,1.176965844126799,1.1780249220203702,1.1931263978306856,1.2092280580367414,1.161265336319003,1.1264065676547277,1.230364051097173,1.1760489513909593,1.1978487850650599
2019-09-05,1.083772533821778,1.1013352523280056,1.1166618401396993,1.1640574666643562,1.1715538445323808,1.1745473553536543,1.190115328656046,1.2053456812915815,1.1599869428409486,1.1157465355018095,1.2189255943175163,1.1719115204952977,1.1937149067218895
2019-09-06,1.0809083161109119,1.0970900040763936,1.1122251332651405,1.159452206949772,1.174282642088757,1.1777755116281003,1.1941994864283945,1.2091114621106303,1.1604393635322683,1.1158274436172435,1.215197225197382,1.1676333477336425,1.1905629089771568
2019-09-09,1.0903080770259757,1.1035428457118102,1.1169586963585476,1.1621424792000716,1.1752442300343906,1.1776361114263245,1.196467071143602,1.211298062378861,1.1680649184923182,1.1257531398843725,1.2207069427143487,1.176931709527506,1.1974557586019499
2019-09-10,1.0903080770259757,1.1035428457118102,1.117157211371385,1.1622428012733284,1.1753665705176328,1.1777369195392378,1.1965548597854072,1.2113552009931552,1.1682131181195359,1.1259612568403363,1.2207069427143487,1.1772941230393892,1.1974557586019499
2019-09-11,1.0929488230291542,1.1057706501214788,1.1181777510913111,1.1628711417481379,1.1752715268014853,1.1762216814126625,1.19349752274058,1.2088449803068215,1.166753107118776,1.1277393792611874,1.2256073402898253,1.1767810479123209,1.1986964191817606
2019-09-12,1.0990932665273259,1.115059789746079,1.1274943959803836,1.1747185544305605,1.181890413155894,1.1843203549356232,1.2018821491597944,1.2171173491741845,1.1712549917630506,1.1273771512769144,1.2272127528637677,1.1795434877512094,1.2071167934966123
2019-09-13,1.100208238244994,1.1152498831684694,1.128216712168023,1.1712166350935673,1.1798001674956111,1.1815010133041344,1.1977788184101585,1.212123519217757,1.1721895784394598,1.1265906486283896,1.2235829381151604,1.1852085144595619,1.2052567508722107
2019-09-16,1.111404175256299,1.1215324707145091,1.1282813097941828,1.1686778661386894,1.195080584462722,1.1975042988344893,1.2139943878858752,1.2283528569850357,1.1841685931353392,1.1311516763845384,1.2437064195652816,1.1880962004138604,1.2167581371039637
2019-09-17,1.1118481740606978,1.1218405016483912,1.1284483013802937,1.1687618803771112,1.1951841845707072,1.1975042988344893,1.2139943878858752,1.2284011098134084,1.1843464501868104,1.1315086320628809,1.2443154648788608,1.1884008675971407,1.2171013557597
2019-09-18,1.109924679309704,1.1207173737500296,1.1274944696535556,1.1683439627048704,1.2004254802988985,1.202902450801455,1.2187428980068775,1.2338122135535403,1.1847732253403707,1.1303708513578232,1.2486242019447655,1.1879437664993662,1.2185914799421729
2019-09-19,1.1113404669229714,1.1218022734677306,1.1278714352322963,1.1687088281925042,1.201642609675085,1.2030785149052148,1.2190992554120668,1.2349997382049418,1.1831312590662388,1.1323306366748627,1.2527535661696438,1.1903418865420883,1.2217235842226997
2019-09-20,1.1136982079346782,1.1233311867310414,1.13020551418258,1.1692849178484739,1.2001736857962058,1.200941032914716,1.2158479390218078,1.2311661211667901,1.1822701300949623,1.1366370624652764,1.2526022112488837,1.1892124394470918,1.2175786044143138
2019-09-23,1.1364602827188939,1.1414701154468658,1.1418113039036497,1.1823314828266345,1.2142639337563355,1.2121963446694977,1.2274475601372075,1.2435581268792244,1.1900643995580404,1.1513043863083385,1.2752736837849854,1.1992611622512577,1.2337952608748937
2019-09-25,1.1436755498797835,1.146895406407847,1.1443463413074997,1.1838015811375395,1.226041048462956,1.2225112398690592,1.2383568136004468,1.2564468340888035,1.1949716723761146,1.1561391845276465,1.2952175456910124,1.2029043998383218,1.2441439862371875
2019-09-26,1.1420960616345346,1.145612499911126,1.1425289389981432,1.1791911820213379,1.218523567997763,1.2163192202079305,1.2324854438048813,1.2496687010103356,1.195872987510502,1.1539843362435542,1.286857241350773,1.2058160448069324,1.242086576039277
2019-09-27,1.1513320048689495,1.152892833617368,1.148955312961374,1.1841282300850458,1.221007946648164,1.2186398752234164,1.2345580500060491,1.250439592481883,1.2025300770520415,1.1576502474632635,1.2884882223590801,1.216021704674649,1.2464382146353976
2019-09-30,1.1501310792139527,1.1516890647847335,1.147863324860774,1.1832180778103403,1.2127537107392348,1.2096196563695094,1.2207977931039327,1.2347067315024634,1.186299626244319,1.149011087756846,1.275358496511727,1.2011409858850228,1.2318470922081475
2019-10-01,1.1501310792139527,1.1516890647847335,1.147863324860774,1.1832180778103403,1.2127537107392348,1.2096196563695094,1.2207977931039327,1.2347067315024634,1.1868717367734927,1.149537794510145,1.275358496511727,1.2011409858850228,1.2318470922081475
2019-10-02,1.1494750219080052,1.153004540155855,1.1502774756138823,1.1863199380624898,1.2145478549100537,1.2124156518952474,1.2240735752218852,1.2379322414229903,1.1873624036810253,1.1484347610944046,1.2744323294668916,1.2018905065349217,1.2329600659643203
2019-10-03,1.1474154551387454,1.1482810220748867,1.1449161112952149,1.1792363160696198,1.2085472222146882,1.2057121450747683,1.2203603984086613,1.2341119624339538,1.1864445446702152,1.1497028109303895,1.270811904434168,1.198777952549597,1.2290146740829242
2019-10-04,1.1580939132293284,1.1572305211925626,1.1511959929500972,1.1837769339907234,1.2141413824176788,1.2103560722087419,1.2223209374153616,1.2361273067930387,1.1941951337143095,1.1559545431863385,1.285091398493779,1.2079436685264604,1.2384870481874954
2019-10-07,1.1527216837234653,1.1551817400081599,1.1522838050948587,1.187251437934013,1.2194526462933437,1.2174008153210303,1.2322213128981359,1.246638171847735,1.1995636968446188,1.1540818525991692,1.2810374134220985,1.2074452690423996,1.240674415629979
2019-10-08,1.1527962890229433,1.1551817400081599,1.1524900615260758,1.18735465978093,1.2195804957253698,1.217505771921928,1.232832706693379,1.2472920200480404,1.200067539072481,1.1542967309729972,1.2810374134220985,1.2083841900822314,1.2413124033186045
2019-10-09,1.1477394671086065,1.1509094133339706,1.1505246272653373,1.185242374318448,1.226966638035746,1.225378280122715,1.2410442135912716,1.2561567082821274,1.1990969135489062,1.1556690828508231,1.284033793829561,1.2041084074956125,1.23801561839188
2019-10-10,1.1521111583842008,1.1521612822455085,1.1472904385444402,1.1813831710431548,1.2266783151344376,1.224467580014804,1.2401524790294332,1.2555266670148346,1.1985662672327044,1.1569835914214324,1.288829992727276,1.203520721707824,1.2396564489775228
2019-10-11,1.1488815939633001,1.1490582326353538,1.1445282092979574,1.1723002415109942,1.2183362602659664,1.2162898322675477,1.2303815970286458,1.2445616633810157,1.1931018063110639,1.1472403713006032,1.2776355703014763,1.2010319575912138,1.233018678676268
2019-10-15,1.1463293059139024,1.1454039247866574,1.1407168791824134,1.1675541816248949,1.2094710161684505,1.2060985638473938,1.2209004985777532,1.235631977749885,1.1906906407169815,1.1464998830686453,1.2770384167554172,1.2038787226159515,1.233782788459463
2019-10-17,1.1601247966938593,1.1576321887624172,1.1517955380314109,1.1832568446322949,1.2274633472340877,1.2235415388989697,1.2383769618170042,1.253494497075558,1.199356374006308,1.1670678286383849,1.296130727104251,1.2066915890038585,1.2416667129980852
2019-10-18,1.155209625502025,1.1553207329108277,1.1511381578409743,1.1843749331612234,1.227010222357981,1.2232152002496857,1.2378449332204744,1.2533686251908276,1.1962593541001916,1.157949886136197,1.2927063628269242,1.2066065411723395,1.2428330899161502
2019-10-21,1.1671258794614807,1.1699872385062793,1.1669074703212656,1.199565515903841,1.2302818216081972,1.2272172360843179,1.2432304232029947,1.2583425965976962,1.2084905118746259,1.1642919329073873,1.2995529132132249,1.2197184920846798,1.2562331721077498
2019-10-23,1.1731912400050202,1.1746767681267858,1.1702963484627418,1.2027088865849473,1.2364423587353497,1.233767455911504,1.2518093661074885,1.266843197927753,1.2161987064543465,1.1673517206903579,1.3022275411348114,1.2271565499975066,1.2642477912696477
2019-10-24,1.1738467666905996,1.1751144858483829,1.1713363794846912,1.2031184460974567,1.2374036394917518,1.2343055651980028,1.2519721156480643,1.2668179508478155,1.215572894672961,1.1672115774973237,1.302352259136427,1.2270901918293138,1.264525382489231
2019-10-25,1.1735533599546197,1.1748460510231775,1.1711764071245765,1.2033852927896416,1.2400118746470423,1.2370035539258482,1.2546713391395055,1.269706192927794,1.2172708964202639,1.1652735089060753,1.3027685576601327,1.229779486702051,1.2664400308656745
2019-10-28,1.1820077889074452,1.179978764996004,1.1718129054038682,1.2029254165476757,1.241686891043132,1.2391249189349194,1.255760392586711,1.268763351479676,1.220087046752839,1.1667772877241944,1.300453644086906,1.226845108516168,1.2636131837475437
2019-10-30,1.1883227105682335,1.187021257067385,1.1782467707094255,1.2100268698214396,1.2468847733292805,1.244897621046606,1.2622282386449972,1.2750372174711924,1.2269187581520715,1.1695594238767657,1.303560153584463,1.2332647670035803,1.2706372955518759
2019-10-31,1.1881977549629,1.1859702448294696,1.1775323260225632,1.2080256547255215,1.2322103790282846,1.2300917278665429,1.2464189766287026,1.2577091883037297,1.2241656989831455,1.171253993970373,1.2936325871242493,1.2319330109705713,1.2638281501920183
2019-11-05,1.2081524400449501,1.209009609871575,1.1995553400267007,1.2260277626254326,1.217240541629383,1.214854232647895,1.2274031831850833,1.2356202794691502,1.235766968183147,1.1710081345203749,1.2836176375610788,1.25290542587034,1.2743320042661177
2019-11-06,1.204488565421528,1.2057031162569993,1.1972036560978399,1.223775903747404,1.2118730191848837,1.2094926527813294,1.223062734144051,1.2305735976315955,1.2300701761921475,1.1664859690535974,1.2744824254512221,1.24839732634561,1.2685808237039582
2019-11-07,1.2005633844211965,1.2021693270300586,1.1948416552887438,1.221328953652863,1.204359305108244,1.2017905552147474,1.2161456817579475,1.223493239543056,1.2268115775139465,1.1618511709509003,1.2675998516412565,1.244571415388363,1.2658658081525924
2019-11-08,1.1943531749662988,1.196888611125586,1.1902914930162976,1.2172848376678256,1.2086306859672562,1.2049095455219518,1.2201197957914351,1.2287277282695903,1.2174211850694925,1.1532363502484615,1.2653770926501648,1.2427791799516517,1.263699895875009
2019-11-12,1.1860995081529697,1.1893941077072652,1.1827455797324176,1.2115196977028935,1.1996120939293622,1.1968600863575278,1.2113352564258615,1.2205052603198616,1.2121682615892762,1.150278706533288,1.2599549782487693,1.2379992087888534,1.2572311874231341
2019-11-13,1.1775558891972155,1.1824904828903968,1.1781085740886785,1.2076277216959574,1.2052499890535513,1.2026832594507555,1.2182578548021563,1.2285120976497668,1.2085444806997456,1.1450723997738885,1.2606044710548086,1.2309617026277493,1.2561600176896477
2019-11-14,1.167812648202257,1.1765884447396124,1.176489931376812,1.2083658817242635,1.2119642631656276,1.209884314079127,1.2258588238963923,1.2380294258515112,1.2039351268919314,1.1427922531781516,1.2638993120120257,1.2317069425947602,1.257915422551657
2019-11-15,1.1743551506555843,1.1807313374648933,1.178068541476101,1.2087152939116237,1.2210543450420865,1.2200796482105103,1.2363399945803757,1.248282880975394,1.2124296802673962,1.1497786969840658,1.2731996648989075,1.2344312886636257,1.2629000529808085
2019-11-18,1.1740818755443818,1.1794593337614034,1.1758968738032407,1.205656269394651,1.2192827404401096,1.2176808024978896,1.2335805532944628,1.2456860526221656,1.2110853271508863,1.1479657646533812,1.2760178261972186,1.2314864508035581,1.2617594091416393
2019-11-19,1.171175264350638,1.1716368216891369,1.164066450818403,1.1968519761288092,1.2063021792454323,1.2043017082392926,1.225619221399334,1.23712395260647,1.2000004166913094,1.1430126362500679,1.2593248547442881,1.2189224021665612,1.2490684779640742
2019-11-20,1.1643577640723861,1.160436453084888,1.152574639126849,1.1868773331683375,1.1976717788183118,1.1948703752434755,1.2192569637935198,1.2308359279952985,1.1908179145028022,1.1358594849822694,1.2535711961657612,1.2182465864908347,1.243876277064436
2019-11-21,1.1632919480514328,1.153332501308684,1.1419905963575703,1.1802277758789679,1.2080210872341883,1.20604816562891,1.239363442024548,1.2522602944960735,1.1908220188858556,1.1362297215722177,1.2544618600530577,1.2152017139876863,1.243566210828902
2019-11-22,1.1674318158383226,1.1557939184846375,1.1435778365087697,1.180725171504861,1.205528409449673,1.203157284553561,1.2364074659214046,1.2489276831768863,1.1971828675474954,1.1387265971937106,1.25659455271116,1.2210322419225497,1.246749705375732
2019-11-25,1.1643041903829665,1.1545191809468418,1.1444743621215951,1.176893030062836,1.1965512141549277,1.193061800901645,1.2201855051605668,1.2314934368929407,1.1905072799479592,1.1376883657118166,1.2508761997714477,1.2203502335553462,1.2391831087170686
2019-11-26,1.1653655033904253,1.1520805794771785,1.1435805476749161,1.1753167565875524,1.1909663461381899,1.1863064874088878,1.2167340629752752,1.227410129216603,1.1877755134687247,1.1367717761251241,1.245744303854991,1.22167585938034,1.2345167251415037
2019-11-27,1.1648126156622771,1.147528751095051,1.1343483647606907,1.1677649516095259,1.1857722594530462,1.1800116404001202,1.2102278614798465,1.2204639344786858,1.17934151720294,1.1325610393322603,1.2380616152499386,1.2119163139928315,1.2262879810717713
2019-11-28,1.1793079653547809,1.1615896118532063,1.14507913973045,1.1761288625305095,1.192304944195387,1.186617209929623,1.214453873437015,1.2236751262867887,1.1910844735743629,1.138954058871475,1.24840050572152,1.2191863359327326,1.2367225888029576
2019-12-02,1.1734562191750422,1.154892501297871,1.140105291074784,1.172110241320222,1.1912115538926524,1.1860375278990685,1.217395282322585,1.2262904178230647,1.1867637295789828,1.1345207646613942,1.2398316435824017,1.2147052043754265,1.2315575341873113
2019-12-03,1.1641792699082187,1.1410637591227166,1.1229378629196576,1.156723670173134,1.1793215600643858,1.1737915759682755,1.2073212672910205,1.2176062565497396,1.1785945095942698,1.130423991112745,1.2383740072007505,1.2061367978844992,1.2226737018707563
2019-12-04,1.1684511835159803,1.1430084032471926,1.1209731584705647,1.1572773029724495,1.1737245951228195,1.1691846160124921,1.2086431185581394,1.21911364523345,1.184640172959423,1.1259879246034632,1.2350981848687568,1.2119984724492239,1.2337377935076352
2019-12-05,1.1718204670924715,1.144775289128874,1.1223818448475382,1.157797712078252,1.176344116285554,1.17222475656975,1.211585555948664,1.2199684486328612,1.1880590326577418,1.1298186388062137,1.2270138473179335,1.2087910306795713,1.2258567650551733
2019-12-06,1.1710961602807153,1.1413724250418604,1.116976220030598,1.1535616847213237,1.175363371712651,1.1710645204196397,1.2116521009411965,1.2199928233851633,1.1850000341961937,1.1284638550199324,1.2246474085731343,1.205312506878745,1.2219250657663914
2019-12-09,1.1663690276227472,1.1368083212017048,1.113100611235025,1.1505757691822802,1.1729075775503515,1.1680824719923273,1.2082927793810163,1.2168454089286735,1.1802893799579783,1.1251066860180474,1.2209248233582497,1.1994217932152567,1.2160531614340164
2019-12-10,1.168511227030982,1.135839397910578,1.1084698873358092,1.1396580903953812,1.1640518946119967,1.159200798481939,1.198871063139804,1.2063203379273764,1.1768151617315936,1.1178016295309952,1.2133874448055113,1.1991958356538666,1.2109154452532833
2019-12-11,1.1784900667818194,1.1471450255303226,1.1190380264261066,1.1469461419237361,1.1627653248147012,1.1564423895253277,1.193201306688906,1.2010337789286685,1.1827898637533856,1.1267478979626668,1.225139527200467,1.2098923894489007,1.2220077218686345
2019-12-12,1.1835797590494257,1.1572832884566917,1.1327382500308183,1.1606168196014264,1.172761920215118,1.1669545863223096,1.2029711265507614,1.2112136176702606,1.192744520174986,1.1297190625792632,1.2319300328583291,1.2229198809828778,1.2358827152476595
2019-12-13,1.184353929683118,1.1577753479862152,1.131634441657208,1.1599081952238015,1.1738416186323823,1.1693840086617466,1.2069447340747985,1.2146572093699182,1.198440662972738,1.1293453255587922,1.230201893461961,1.2214221303309818,1.2373698223905507
2019-12-16,1.1901010587746799,1.16099481751687,1.1358681674319284,1.1663748075854647,1.1805702517820265,1.1763093357437193,1.2142557624562709,1.2226461566123257,1.2015567341380338,1.1299908600780004,1.237137969954656,1.2265351934445334,1.2436261301204246
2019-12-17,1.19341821550714,1.162620313547356,1.1382275048219275,1.1692521823864823,1.1832250808999933,1.1787373141288167,1.217148657872779,1.2251679854211108,1.2019718101551542,1.1328332161777726,1.2396434786185757,1.2287654671156842,1.245416812508347
2019-12-18,1.2009414750431127,1.1702807120832415,1.144087282322312,1.172555275897152,1.1851861374456552,1.1798996843912215,1.216787022483251,1.224973515653621,1.2059352146960298,1.1340768946308106,1.2431135206484278,1.2325369496287197,1.251443201346107
2019-12-19,1.2082788864468612,1.1773909535109486,1.1492494008850203,1.179700539872654,1.1911819986165955,1.1849835886411109,1.221749730541512,1.2294700615323357,1.2120638785573201,1.1382263816461633,1.246162487147816,1.237759080400672,1.2574822175651386
2019-12-20,1.2076767339756933,1.1723720871314454,1.1496560236690718,1.177990938311682,1.1885329903626416,1.1814475762281398,1.2185010343009963,1.2271762700490154,1.2074487992533423,1.1368518786438588,1.2480916819598904,1.235991858890297,1.25088921701058
2019-12-23,1.2202851513826007,1.1818614294235588,1.1628611978432728,1.189524720061278,1.1994043876276157,1.1912982045478786,1.2284803051125588,1.2368116552295179,1.223191936501495,1.146593530183761,1.2580148089289622,1.2501997008799248,1.2661587665264276
2019-12-24,1.2261158561841345,1.1930644366347565,1.169839730591083,1.1988021919535732,1.2071104004246722,1.1979457377589733,1.2344534688743622,1.2419580788321622,1.226584621748288,1.1519038362392902,1.2619339499274391,1.2484068979547938,1.2685420568368175
2019-12-26,1.2253523453799426,1.1933932787986206,1.1648459626537389,1.195769275824021,1.2075805954461885,1.2010315508014695,1.2388605810717994,1.2457474549197038,1.223665333854395,1.1520564762834449,1.268352112271212,1.2427739809746936,1.2663663783041186
2019-12-27,1.2217460676356955,1.188912913714542,1.1602748098240852,1.1915883272978325,1.2048822393633216,1.2003861299338507,1.2398268303193338,1.2476742384819113,1.224709338170123,1.1491878432908884,1.2664132349284045,1.247690370765397,1.2687281550036675
2019-12-30,1.2141797370353256,1.1881759186857335,1.154958270509995,1.1880242416674527,1.2003665190408854,1.1960287969680108,1.2355100946754316,1.2432103058583104,1.2263104804650797,1.1487754513456443,1.2589378901012453,1.2511616411257507,1.2724468840420013
2020-01-03,1.2292814498891176,1.188687547083444,1.173605582460866,1.2062272896650796,1.2232290994899941,1.2204907717562532,1.2633885889338292,1.2725348353738803,1.2402093566425096,1.1528355783020299,1.289818802931115,1.265281486456465,1.2877787289871645
2020-01-07,1.2271595819911068,1.1899831729986377,1.1662562272494066,1.197674592938191,1.2130856569871138,1.2107512774107327,1.253292808934633,1.2624598680388144,1.2341962247922362,1.160171141044091,1.2812624475450614,1.2642303736523672,1.2776307257600736
2020-01-08,1.2271503161301867,1.1927652434458464,1.1656536497100733,1.196695315887412,1.211138347441929,1.2082250252496276,1.2496294673475088,1.258625572172864,1.230652265508295,1.1596651658579313,1.2807351188630867,1.258441409795006,1.273041179753287
2020-01-09,1.223377969515943,1.1901064020569154,1.1603084558306822,1.1908696773405603,1.2049724308221172,1.201194930515388,1.2419479052973468,1.2492767937250786,1.2278552827401092,1.1592038350383602,1.2735605978077458,1.250518691139055,1.2621502209180135
2020-01-10,1.2233033941418778,1.187660232089316,1.1595805227929146,1.1896676116032898,1.2044631032150819,1.200382220872809,1.241065735007597,1.2480355934549316,1.2278884263381356,1.1585286426801735,1.2751013602833055,1.2482354143665035,1.2590115408083373
2020-01-13,1.218650435667806,1.1836124606762166,1.1506734257489706,1.1817859998345797,1.1967968346138875,1.194287470908185,1.2362942046504757,1.2440639500783508,1.2227075290903326,1.154826701437785,1.2656175369625995,1.2464656067121564,1.2507745529371794
2020-01-14,1.2253405316453012,1.1914623997990816,1.1546087502883715,1.1820144122312912,1.1950812397091428,1.190622912027701,1.2300329802158627,1.2358593295573415,1.2219384394656385,1.156000898595703,1.2634015112830406,1.2420924399111408,1.249424113445762
2020-01-15,1.2248581739972242,1.1932628429312788,1.1557410742510346,1.1852547244632172,1.198520946595727,1.1938823784659716,1.2329100919999005,1.2388440653278083,1.2174979372302885,1.1544224857153405,1.2647521853469932,1.2364198195991314,1.2453690224550245
2020-01-16,1.2253624224962005,1.1965406612660026,1.1483976429907445,1.1724903707396406,1.1834881393912051,1.1768764926143955,1.2118446826822808,1.2139743348171783,1.2122903146262354,1.15124257815985,1.2406709387917565,1.2282544609102948,1.2390704750457169
2020-01-17,1.2253624224962005,1.1965406612660026,1.1483976429907445,1.1724903707396406,1.1834881393912051,1.1768764926143955,1.2118446826822808,1.2139743348171783,1.2130463197469776,1.151539104035324,1.2406709387917565,1.2282544609102948,1.2390704750457169
2020-01-20,1.2279980711431222,1.2054410259117225,1.1505419124816325,1.1740533007912166,1.1830247137876,1.1761829676009903,1.2105232818095824,1.212934289619278,1.219048565208038,1.1549346649966727,1.2387714408181334,1.2372343340562504,1.2473287599754441
2020-01-21,1.232245521342153,1.2066481427826987,1.1603236181668124,1.1867712010555067,1.1970186083790177,1.1905062186354574,1.226364383502626,1.2303272044789253,1.2231000176005766,1.158043338717076,1.2597064424123179,1.2389324104180446,1.2534249687705914
2020-01-22,1.232051317648976,1.208559971127167,1.1605604131611702,1.1870506695992293,1.198576767655069,1.1927098756138412,1.2283891076603815,1.2317752387228147,1.223417205821043,1.1594583538663708,1.2615140513861498,1.2349874644228866,1.2522903165482908
2020-01-23,1.2366824789054955,1.2154007287227722,1.1646937324218114,1.191200032097661,1.2017192993725738,1.1958203967666559,1.2318193100465897,1.2357708176478706,1.2223900156657812,1.1638845332082373,1.2650761479591341,1.2325579559441162,1.2484284178885796
2020-01-24,1.237342941981392,1.215006043883522,1.1659803212815314,1.192837589916132,1.2037418772648858,1.1973258908449373,1.232072740723519,1.2357366710618538,1.2215569397000432,1.1610592277399479,1.264865761181018,1.2307177207825026,1.2504951249311305
2020-01-27,1.2219322200990457,1.2028223819548778,1.1520411593290796,1.1784766887434353,1.1894831145477625,1.1837121874912306,1.2182773286248771,1.2219809857145352,1.2082886446821226,1.152008857180327,1.2544783048574615,1.214829230102451,1.2336529119278752
2020-01-28,1.2273889215058749,1.2087663231226602,1.1611737249866871,1.190227436094505,1.2000097874572049,1.1930494074170561,1.2277027619230632,1.2324906456774194,1.2108383739283168,1.1561668065465782,1.268172052644172,1.215811700580227,1.237042383661784
2020-01-29,1.2340710222002171,1.215128288489247,1.1669276211235529,1.1943886160875559,1.2038037805343333,1.1965405254749164,1.2309008218621964,1.2351305710572724,1.2175176720687433,1.1608156787424369,1.2736777401149524,1.2210587748944355,1.2453656093199403
2020-01-30,1.2342726730291145,1.2161174624528672,1.1607837159404457,1.181907600621062,1.1886800128358785,1.1798615481666193,1.2115190370874036,1.2138690975803377,1.2131374698318371,1.1484625165585323,1.2578998898823646,1.2127517897251199,1.2433895413313478
2020-01-31,1.2290002324803404,1.2105013101393332,1.157948609314374,1.1828060620639687,1.1898008832570448,1.1802707422247136,1.2118189732056155,1.2138709718200476,1.2126604901348859,1.1608215757062768,1.258888728782145,1.2156356830971091,1.2412446829818573
2020-02-03,1.2270916708892818,1.2132008979589823,1.1592938999092908,1.1842923522749533,1.1919282511809781,1.1830324016300995,1.214492644035414,1.2170621340140824,1.2174353150895398,1.1638916630958995,1.2594088266527048,1.2204852292257764,1.2465385173053878
2020-02-04,1.2461961890760198,1.2255339075500384,1.1788421299737453,1.2049951764697548,1.2120756999704407,1.2027759568099436,1.235569271522953,1.2404918872391255,1.2328498553422997,1.1756365588151598,1.2814692964696073,1.2423525041242345,1.2684206790249204
2020-02-05,1.2544921645735714,1.2335265882974276,1.1843229598006626,1.2092097638254435,1.2167590496135843,1.2080415642368283,1.2403077351097096,1.244968137975482,1.2400192610293819,1.1771114923754806,1.285969311623921,1.2503278799019637,1.2804744226071632
2020-02-06,1.2523355366226572,1.2291261465805858,1.1868043758579074,1.2139385485388638,1.2226675091304036,1.2142148500970893,1.2473550463193652,1.2530953948203674,1.2370382476917618,1.1653977917065492,1.2908492461359338,1.2441358562999316,1.2790190768168137
2020-02-07,1.2503011280701402,1.2327549430545586,1.1814956558461824,1.2078803761630736,1.2155516017995394,1.2064879201987495,1.2380331384501981,1.2419594315441427,1.2312836406349987,1.1640249738419575,1.2783845562084082,1.2352627030301957,1.2701784981927031
2020-02-10,1.2454421309059651,1.2247428767998323,1.1762585957304728,1.2085366869458603,1.2169313104351023,1.209328343149647,1.243408623165011,1.249438148637319,1.2233895538767143,1.1570294990496859,1.2796287084507967,1.2303749120634329,1.2609144289464813
2020-02-11,1.2465377387863583,1.223158387448295,1.1750048963585926,1.2066431850672015,1.2156947563189808,1.2085461225377956,1.2441529239972722,1.2496894909764205,1.2248869923316918,1.1608686085832003,1.281737183746032,1.2312561242695248,1.257812389298958
2020-02-12,1.2549190681118567,1.2287550967506877,1.1793752386601977,1.2088601242334744,1.2173317759056086,1.2099126392735158,1.246142492514413,1.251357696422037,1.230514328707223,1.1666790788397317,1.284714100803885,1.237805008343438,1.2604067985868908
2020-02-13,1.2606285101751218,1.2342996119424974,1.185461689967153,1.2146576699554925,1.2226266342511822,1.2146194279134077,1.250446094259443,1.255089921576097,1.236138658123863,1.1706762269344224,1.290378236851061,1.2423800712689812,1.269229458138565
2020-02-14,1.2609106998024622,1.2335049585853992,1.1939262247813653,1.2261985506364355,1.2371135882418562,1.2303763782360946,1.2677420872179361,1.2742567534884581,1.2386346948642226,1.162786900665538,1.3050921835596867,1.2413169124981367,1.2750768952105491
2020-02-17,1.262881605004052,1.2341981169726997,1.1932602588252001,1.22571839108596,1.2360650948833594,1.2289561605772583,1.2663364567718782,1.2726869134992569,1.2399441444458963,1.1705923395520852,1.3052470662308935,1.2455089102030312,1.2731549813742344
2020-02-18,1.259463449568758,1.2311988147991015,1.1882226527450193,1.2236764914700315,1.2367293823351877,1.231862054558733,1.2708194394344474,1.2773786503703886,1.239438176301545,1.1692818146402841,1.3071240085177507,1.242826369962107,1.2698867228869652
2020-02-19,1.2686870472712273,1.235629145408725,1.192590687724749,1.227375761986632,1.2409284365742241,1.2365347978504626,1.2767937763636228,1.2830462818902344,1.244714952149527,1.1733984045405763,1.3122858741792416,1.2504582824161292,1.2751255018939498
2020-02-20,1.2642816918122342,1.2349664519593149,1.1866094339329267,1.2224447307057336,1.2373534437414193,1.234230223489915,1.2747075803275096,1.2807307920438649,1.243108059516188,1.1772688556830464,1.3034949218249345,1.246524456917139,1.2693372108306802
2020-02-21,1.2433555912455532,1.2186338439799018,1.167329027486755,1.2043141079366855,1.2226436567025964,1.2225707167679587,1.2670203938880362,1.2717419138589374,1.2316159522576755,1.1923874888079409,1.3021137064252948,1.230684453674365,1.2389433187403436
2020-02-24,1.2450806137010366,1.2262848404902285,1.1697926994873242,1.2067696307029114,1.2265373824220112,1.2280643073871031,1.2733265567134517,1.277324169246257,1.2288766122043715,1.1989946878311275,1.3076285489920223,1.2199729990530825,1.2318245446861718
2020-02-25,1.2390777421752905,1.2235090043276988,1.1633541056991525,1.2052143786354481,1.225208235662522,1.2273960427747086,1.2725638171812736,1.278012238757848,1.2221321606250488,1.198016292105783,1.3024150010128566,1.214987665280608,1.2162907854487377
2020-02-26,1.221193419339538,1.20855197849556,1.1468329283538459,1.1907654543815607,1.2110550738978367,1.2132649817049135,1.2571281461935933,1.2626070100741595,1.2093742648985142,1.179922006865834,1.2833353378525127,1.203585024449089,1.2106143984894375
2020-02-27,1.2064000166665783,1.186804003604452,1.1386467443055694,1.1883063649889345,1.2115266272889884,1.215690755625549,1.2610473317416375,1.2703586341009676,1.1952756235707478,1.1617424368091676,1.28647305949416,1.1964330469446114,1.2040429103200725
2020-02-28,1.1875742742428141,1.16744513403614,1.1218934672116823,1.1738018773603585,1.19769727546932,1.2024335276564357,1.24792206151944,1.2581218920404176,1.1876528018592214,1.1488886797784204,1.2704062769363647,1.193122441300622,1.1973288903339392
2020-03-02,1.1829690088253049,1.1768270787311341,1.1203377263054963,1.1651415394374873,1.1867715535696988,1.1898592977026707,1.232544433776293,1.2391159549941972,1.182146764728037,1.1532503318349767,1.259117429210501,1.1761965648373127,1.1876296742575854
2020-03-03,1.174317967189117,1.1565589903006435,1.1099960478022624,1.1571708856959275,1.1834159130427973,1.1900832903640002,1.2371864833998087,1.2461756940647206,1.1685577522698483,1.1437865837007486,1.2656374092095184,1.1630443334703997,1.1671677905795743
2020-03-04,1.1948245764550762,1.1730702577092913,1.1251104702412884,1.1658061509050286,1.1873761200127437,1.190516052465171,1.2358172958251,1.243505156088966,1.184767311406302,1.1586993468180071,1.2699250617615512,1.1808775338181772,1.1836858799012173
2020-03-05,1.1947365074382688,1.173301376618172,1.1272329232563996,1.1699130464771252,1.1923002157067741,1.1953649304169116,1.2414406911638158,1.2486321339936601,1.187777890743216,1.1663185067640753,1.2753016393797594,1.1834218913599042,1.1822441237867156
2020-03-06,1.1600327496763592,1.1429724841553317,1.1069327606178454,1.1534817919833402,1.1801306779458849,1.1858103407066949,1.2322156243300624,1.2420018269494764,1.1675197013853273,1.1423072415863114,1.2613762578589218,1.1637889775144883,1.1628919848312063
2020-03-09,0.999838686235238,1.0488345264790804,0.9258995056648157,0.9537883298454862,0.9879738651651913,1.007153837626214,1.0453516759571793,1.0498454643003905,1.0356939001750536,1.0676468302495248,1.1567679853097834,0.9874696486834428,0.994270859634232
2020-03-10,1.1431995511040556,1.1050475653359868,1.184118086210897,1.261063686186484,1.2808188572212824,1.2746120763737856,1.3233099239740864,1.3406063352037936,1.1537130191957012,1.0740121635360715,1.2434761182077358,1.167740205745121,1.1834467152829375
2020-03-11,1.0920253742708337,1.050662694540977,1.1434941710201523,1.226200168710443,1.2511132799841689,1.2463909657320054,1.2958611707090357,1.3139646141111354,1.110387915398875,1.0389236741096668,1.216159599382474,1.1285011183025258,1.1442719640373413
2020-03-12,1.0003332246506824,0.9713876090738255,1.0616408088215505,1.150885656956932,1.1772395164579263,1.1721130179966357,1.215395838049338,1.2320208637979484,1.0227817472503655,0.9485078158986878,1.1304451457187767,1.0286689188099067,1.0606048222716613
2020-03-16,0.8633179188156443,0.846288539590916,0.9285314447633679,1.021712930780317,1.0541393369545438,1.057786081539297,1.1068741455933715,1.123959679388077,0.8916876563810019,0.8753320745205563,1.0124151448975358,0.9066556754909342,0.9166834030659574
2020-03-17,0.9288914408301032,0.9305737728296374,0.9827426846129144,1.0660513921381791,1.0862444873333068,1.0814471602809974,1.1096411780661983,1.1315805288428293,0.924635700318714,0.900273754039441,1.0430699670252603,0.9386347961998022,0.9647956426187053
2020-03-18,0.8093363034635774,0.8127896148189883,0.8703965203152362,0.9592975796281388,0.9818841092283846,0.9809799993426239,1.0169027017373329,1.0369162146165023,0.8223423241821209,0.8355527178613117,0.9434828789042693,0.8268520206075253,0.8315333269840698
2020-03-19,0.8074967030715683,0.8125115250804252,0.8636081938185545,0.9524003123426055,0.9694934170946913,0.9657430460704487,1.00181582268084,1.0207813789120417,0.8233736344431832,0.8483116483260827,0.9197067067862627,0.8258827475750494,0.819608966322804
