mercado,perfil,orness,n_activos,rmse,mae,mape,rmse_publicado,mae_publicado,mape_publicado,puntaje_validacion_min,puntaje_validacion_mediana,activos_puntaje_validacion_lt_0_10,activo_min,ape_activo_min_pct,mape_sin_activo_min
us,Guardian,0.0625,25,0.131821062044814,0.11101339411755157,30.42933226623133,0.131821062044814,0.1110133941175515,30.42933226623133,0.056231994073574175,0.4748276989343749,1,TSLA,92.59882093852642,27.838936904885703
us,Sentinel,0.1875,25,0.12152074345065175,0.09775429265834573,24.38393614529592,0.1215207434506517,0.0977542926583457,24.38393614529592,0.12223745436036204,0.5519338508723679,0,TSLA,73.79990228722589,22.324937556048837
us,Pragmatist,0.3125,25,0.11514187479144532,0.08750100467157487,19.864418092913443,0.1151418747914453,0.0875010046715748,19.864418092913443,0.1998780950368485,0.644377688044323,0,TSLA,57.54690274595118,18.294314565703537
us,Analyst,0.4375,25,0.11118086025403001,0.07852697799222383,16.305883133373953,0.11118086025403,0.0785269779922238,16.305883133373953,0.26759448359942883,0.7093033366038909,0,UNH,144.32718705016322,10.97166213684107
us,Strategist,0.5625,25,0.10938048553357613,0.07503768167423112,14.394863483055872,0.1093804855335761,0.0750376816742311,14.394863483055872,0.3054273223632367,0.755113522192579,0,UNH,131.28571155201237,9.524411480182684
us,Adventurer,0.6875,25,0.10979284054786805,0.0738845805404812,13.00431126010316,0.109792840547868,0.0738845805404812,13.00431126010316,0.34542209850767935,0.7932743347708493,0,UNH,118.21190759443765,8.620661412839224
us,Innovator,0.8125,25,0.11247018609764863,0.07249175725211947,11.757632910043274,0.1124701860976486,0.0724917572521194,11.757632910043274,0.38712620055135893,0.844673811867432,0,UNH,105.99025349546677,7.831273718983964
us,Visionary,0.9375,25,0.11736260799693525,0.07113437757009905,10.660051102755652,0.1173626079969352,0.071134377570099,10.660051102755652,0.43020099370335146,0.8848584841159216,0,UNH,94.89989362670615,7.150057664257715
co,Guardian,0.0625,15,0.1840836229813406,0.15121754070308815,77.98174802821136,0.1840836229813406,0.1512175407030881,77.98174802821136,0.09523268674057034,0.28004548242170174,1,MINEROS.CL,169.40148236053992,71.45176700447361
co,Sentinel,0.1875,15,0.15274812391109865,0.12055031833314084,38.27061065227097,0.1527481239110986,0.1205503183331408,38.27061065227097,0.17464147772078642,0.4390862250119721,0,MINEROS.CL,91.6069714955043,34.46087059204001
co,Pragmatist,0.3125,15,0.1389735719933139,0.10559966183986304,26.87347722835244,0.1389735719933139,0.105599661839863,26.87347722835244,0.2553786789103605,0.5097101980327904,0,NUTRESA.CL,19.012420674729757,27.43498126789692
co,Analyst,0.4375,15,0.1316514074388869,0.09491986047205928,20.807835084889803,0.1316514074388869,0.0949198604720592,20.807835084889803,0.32772197309512624,0.5707027528186415,0,NUTRESA.CL,24.200570141010104,20.56549686659549
co,Strategist,0.5625,15,0.12781768032182425,0.08982616005205794,17.3254587513686,0.1278176803218242,0.0898261600520579,17.3254587513686,0.38125668523851686,0.6293911231796048,0,GRUPOARGOS.CL,102.3286461517372,11.253802508485133
co,Adventurer,0.6875,15,0.1272859681935906,0.08613348264480518,14.976398701412306,0.1272859681935906,0.0861334826448051,14.976398701412306,0.42660158933067455,0.6934740798956803,0,GRUPOARGOS.CL,91.32748192196294,9.522749899944401
co,Innovator,0.8125,15,0.13052717541885303,0.09092120521516965,14.219434891629682,0.130527175418853,0.0909212052151696,14.219434891629682,0.46970349961175895,0.7663097762912308,0,GRUPOARGOS.CL,82.91284125591223,9.312763008466645
co,Visionary,0.9375,15,0.13787483090040017,0.10096760040796061,14.310113032666882,0.1378748309004001,0.1009676004079606,14.310113032666882,0.5112711019175638,0.8293467861577346,0,GRUPOARGOS.CL,76.16907206649499,9.89161595882202
