mercado,A,B,DM_HLN,p_valor,n_ventanas,p_holm_mercado,p_holm_16,sig_5_sin_ajuste,sig_5_holm_16,sig_5_holm_mercado
us,OWA-Guardian,1/N,-1.578,0.1406,13,0.9842,1.0,False,False,False
us,OWA-Guardian,MinVar,0.739,0.474,13,1.0,1.0,False,False,False
us,OWA-Pragmatist,1/N,-1.239,0.239,13,1.0,1.0,False,False,False
us,OWA-Visionary,MaxSharpe,-0.474,0.6439,13,1.0,1.0,False,False,False
us,OWA-Pragmatist,MLP,-1.87,0.0861,13,0.6888,1.0,False,False,False
us,OWA-Pragmatist,ANFIS,-0.505,0.6228,13,1.0,1.0,False,False,False
us,OWA-Visionary,MLP,-0.621,0.5459,13,1.0,1.0,False,False,False
us,OWA-Visionary,ANFIS,1.486,0.163,13,0.9842,1.0,False,False,False
co,OWA-Guardian,1/N,0.354,0.73,12,1.0,1.0,False,False,False
co,OWA-Guardian,MinVar,3.943,0.0023,12,0.0184,0.0368,True,True,True
co,OWA-Pragmatist,1/N,-0.052,0.9583,12,1.0,1.0,False,False,False
co,OWA-Visionary,MaxSharpe,-0.441,0.6681,12,1.0,1.0,False,False,False
co,OWA-Pragmatist,MLP,3.147,0.0093,12,0.06509999999999999,0.13949999999999999,True,False,False
co,OWA-Pragmatist,ANFIS,0.918,0.3782,12,1.0,1.0,False,False,False
co,OWA-Visionary,MLP,0.917,0.3789,12,1.0,1.0,False,False,False
co,OWA-Visionary,ANFIS,0.567,0.5824,12,1.0,1.0,False,False,False
