grupo,inversor,n,mean_gap,mean_abs_gap,corr_gap_surprise,lambda_hat,migraciones,perfil_final,riqueza_final
logico,0,3,-0.0016533938299012247,0.07593335920103676,0.3884463053009264,1.7186130729907212,2,Guardian,1.5646461241563474
logico,1,6,0.04127605453863322,0.055192784186822906,-0.5115614451094866,1.7185873806429253,2,Guardian,1.9022596914220062
logico,2,5,0.030101549554641192,0.03200845032259769,-0.19805302778741413,1.8459806359173414,3,Guardian,1.9639985534483861
logico,3,4,-0.0018499494505385405,0.06124117357738787,-0.2976550545060084,-0.08139951946263248,2,Guardian,1.5695714323197336
logico,4,4,-0.024650992967416407,0.08861034827350828,-0.6477132169833738,11.728913401593386,2,Guardian,1.5836696481839299
logico,5,4,-0.010224423533210902,0.05874961434334419,0.06963562411130679,-2.3847265759942804,2,Guardian,1.548294116036343
logico,6,3,0.03071729520981233,0.03071729520981233,-0.461439643088074,1.7423866544876911,4,Guardian,2.0505235841171587
logico,7,5,0.07954849628712998,0.07954849628712998,-0.7487083570273592,1.1660958117254334,4,Guardian,1.600574096605652
logico,8,3,-0.04672258872212135,0.04672258872212135,-0.1980752029236736,3.6095663417583146,2,Guardian,1.6808882756630725
logico,9,3,-0.04799644293172136,0.04799644293172136,0.5837354948731908,3.1554268833657346,2,Guardian,1.8319989307967097
logico,10,4,0.010846406913149975,0.025080240009348387,0.5292800341349798,1.8409465644768215,2,Guardian,1.5836696481839299
logico,11,3,-0.006095029383279808,0.06266119342635001,0.4460768708426682,1.9778018989478148,2,Guardian,1.6425338470860538
logico,12,4,0.010494933587737246,0.042649079338218945,0.9143376981759969,1.4100470275996735,4,Guardian,1.9233050261912326
logico,13,4,0.009670943291586527,0.04657143213638416,0.8451592237038162,1.5230112998182201,3,Guardian,1.9173614391298386
logico,14,3,-0.00442170044537508,0.05224678390108558,-0.031102532312297062,3.160394701042272,2,Guardian,1.5322064615574196
logico,15,3,-0.049083132136759966,0.049083132136759966,-0.38995789797295904,-7.848235833558322,2,Guardian,1.7376970094237767
logico,16,4,-0.061071592914774334,0.061071592914774334,0.8963574311968311,3.2257911741113015,3,Guardian,1.9473549778087975
logico,17,7,0.06980073023341547,0.06980073023341547,-0.7667792769135149,0.7439520888162096,4,Guardian,1.7280974915174339
logico,18,4,0.004214356496828164,0.03364104510627147,-0.489427423287269,2.4691971894189733,4,Guardian,1.6265162878262172
logico,19,4,-0.027009412292241575,0.042056663789219295,0.5859928013710163,512.3225142115697,3,Guardian,1.8369368925363854
logico,20,4,-0.00290228717455121,0.04227119882944247,-0.3240452377576352,2.5283949937875763,3,Guardian,1.9339840050808645
logico,21,3,-0.030436536052724044,0.030436536052724044,0.4712342868382239,2.6225616577278683,3,Guardian,1.8335440538867742
logico,22,4,-0.03869355977197814,0.03869355977197814,-0.4677992033360107,5.453539168707893,2,Guardian,1.7204581176133826
logico,23,4,-0.027672071269046708,0.027672071269046708,-0.3328336524610951,3.2569783610906535,3,Guardian,1.8123176350016834
logico,24,4,-0.0028365352578645087,0.074866555868386,0.5930888470504966,1.2813192631985235,3,Guardian,1.8705556482209535
logico,25,4,0.00408550526237722,0.04936868318483173,-0.15966782603273816,2.483592014955408,4,Guardian,1.8384035383695145
logico,26,3,-0.012688020038460979,0.04150465336805489,-0.5733840925735602,3.5428382752210217,2,Guardian,1.9981979125993368
logico,27,4,-0.043674077200144074,0.05746272077593298,-0.3036198053309179,-0.12118044144864827,2,Guardian,1.5695714323197336
logico,28,3,-0.01617734692236622,0.042350779619057,0.12621178972842606,2.6187316358197146,2,Guardian,1.9894295699836133
logico,29,3,-0.027228291991679882,0.03290802065044812,0.8126863271848686,2.3593718449224332,3,Guardian,1.9330220410792245
emocional,0,1,-0.1693365287080808,0.1693365287080808,0.0,,2,Guardian,1.548294116036343
emocional,1,1,-0.12199906421712692,0.12199906421712692,0.0,,2,Guardian,1.548294116036343
emocional,2,3,-0.03704411748778267,0.176828783702028,0.9548841350742538,1.445495393309514,3,Guardian,1.935817183669985
emocional,3,1,-0.1924807840223276,0.1924807840223276,0.0,,2,Guardian,1.5621287055858766
emocional,4,1,-0.19447292204772748,0.19447292204772748,0.0,,2,Guardian,1.6005820469641154
emocional,5,1,-0.2816693311771147,0.2816693311771147,0.0,,1,Guardian,1.6479797482685605
emocional,6,1,-0.269558668864474,0.269558668864474,0.0,,2,Guardian,1.7376970094237767
emocional,7,3,-0.05322021044653547,0.18517362517654926,0.9983576750482812,1.7847074567177752,5,Sentinel,2.114030291981839
emocional,8,3,-0.018370491550921648,0.1540039456061236,0.9935429482177788,1.2583895760342727,3,Guardian,2.0258985225872053
emocional,9,10,0.09644914080075574,0.1237886168167694,0.6419485217353391,0.3929110624011492,8,Guardian,1.8990960137872677
emocional,10,1,-0.176029111421118,0.176029111421118,0.0,,2,Guardian,1.6677780623842235
emocional,11,4,-0.0026872161847703996,0.1718498697957241,0.7107246955761034,0.07812838739062,3,Guardian,1.791660707256553
emocional,12,3,-0.04068834299019766,0.19738588299155116,0.6811222636361347,2.7969808107719296,4,Guardian,1.9067194204208888
emocional,13,3,-0.03936368649922064,0.16012818960429392,0.7215595101739348,2.996593488429518,3,Guardian,1.8652077800623055
emocional,14,1,-0.29072474260659575,0.29072474260659575,0.0,,1,Guardian,1.682710503834158
emocional,15,3,-0.08646811273546427,0.17332742385946678,0.8967982590243112,1.7570195659478185,3,Guardian,1.895831720642845
emocional,16,1,-0.07515469750821158,0.07515469750821158,0.0,,2,Guardian,1.6197026108266375
emocional,17,1,-0.29326140394640654,0.29326140394640654,0.0,,2,Guardian,1.615670685682538
emocional,18,1,-0.17577953731088147,0.17577953731088147,0.0,,1,Guardian,1.5238545355273085
emocional,19,3,-0.055265602295269174,0.18953538480656063,0.8330913987756304,2.003420119964594,3,Guardian,1.8123176350016834
emocional,20,1,-0.17893926279601824,0.17893926279601824,0.0,,2,Guardian,1.548294116036343
emocional,21,4,-0.028722219390870926,0.16700019585430043,0.7873094506523172,0.22450743567927792,3,Guardian,1.791660707256553
emocional,22,3,-0.08039758754504463,0.21414249837036345,0.9574394282021519,1.7689005105409148,3,Guardian,1.9140898180920247
emocional,23,3,-0.07284540979015122,0.19814862348143383,0.608122521303848,2.460027215668499,4,Guardian,1.8768127194296955
emocional,24,3,-0.0524125528930861,0.1798168797287291,0.6738886517972581,2.6789756956505917,4,Guardian,1.959655895239745
emocional,25,3,-0.07242625809255714,0.16933791705286808,0.8001614097453885,1.8394451789932595,3,Guardian,1.935817183669985
emocional,26,4,-0.022463545520465977,0.12774859714641357,0.6030160801551231,0.14425199847253078,3,Guardian,1.791660707256553
emocional,27,3,0.007398591751671475,0.17098230373800175,0.9289046077021844,1.0399109042430983,4,Guardian,2.0505235841171587
emocional,28,2,0.033534032217828344,0.11451663576217573,0.0,1.5155947099357179,3,Guardian,1.838168228093649
emocional,29,4,0.06629192163014169,0.13595249441171925,0.8362665155465888,0.09711461911460167,2,Guardian,1.6480080358408624
