mercado,referente,n_ventanas,mdd_guardian,mdd_referente,reduccion_mdd_%,ventanas_guardian_cae_menos,vol_guardian,vol_referente,reduccion_vol_%
US,1/N,13,-0.04985260948078799,-0.04871443615228245,-2.3364189722890005,6,0.11938752534424364,0.11615416082722008,-2.7836837647453816
US,MinVar,13,-0.04985260948078799,-0.04900782996754043,-1.7237643735849684,6,0.11938752534424364,0.10281892334227466,-16.11435080565242
US,MaxSharpe,13,-0.04985260948078799,-0.05970660428252908,16.504028189431786,8,0.11938752534424364,0.1524691164436518,21.697240641932993
US,MLP,13,-0.04985260948078799,-0.06433226559063569,22.507611036094744,9,0.11938752534424364,0.14677800638910757,18.661161654050495
US,ANFIS,13,-0.04985260948078799,-0.06692082079138648,25.50508363279873,10,0.11938752534424364,0.14070706036185385,15.15171659672453
US,OWA-Visionary,13,-0.04985260948078799,-0.08276747632486209,39.767875384871395,11,0.11938752534424364,0.19412387189011715,38.49930759065925
CO,1/N,12,-0.06255617834874323,-0.05726696467397679,-9.23606429095405,5,0.18402951275359067,0.16892091155638325,-8.944186399423026
CO,MinVar,12,-0.06255617834874323,-0.05886940107623217,-6.262637643853242,5,0.18402951275359067,0.16450254539691092,-11.870313197625704
CO,MaxSharpe,12,-0.06255617834874323,-0.07247297842317778,13.683444906223185,8,0.18402951275359067,0.21015582037306046,12.43187439352923
CO,MLP,12,-0.06255617834874323,-0.06254412926322346,-0.01926493447379496,5,0.18402951275359067,0.18206185644851428,-1.0807625185524916
CO,ANFIS,12,-0.06255617834874323,-0.05995820254261122,-4.332978134702548,5,0.18402951275359067,0.17008846606425657,-8.196350412183385
CO,OWA-Visionary,12,-0.06255617834874323,-0.08795800540677168,28.879494186520994,10,0.18402951275359067,0.25471391037942476,27.75050546730714
