modelo,ret_medio,vol_media,mdd_medio,n,sharpe_aprox
1/N,0.05594422820595068,0.11615416082722006,-0.04871443615228244,13,1.9265509838831523
ANFIS,0.04019779177009524,0.14070706036185385,-0.06692082079138646,13,1.1427370216311619
MLP,0.06629539424789332,0.1467780063891076,-0.0643322655906357,13,1.8066846901338784
MaxSharpe,0.06574310035319515,0.1524691164436518,-0.05970660428252909,13,1.7247584792686041
MinVar,0.02622507238179731,0.10281892334227466,-0.049007829967540446,13,1.0202430264513265
OWA-Adventurer,0.046198560005385275,0.16280682099201538,-0.07457894986278386,13,1.1350521980317032
OWA-Analyst,0.032809313962198786,0.15062867682006026,-0.07194176204591582,13,0.8712634182239419
OWA-Guardian,0.03148486070351178,0.11938752534424363,-0.049852609480787985,13,1.054879414335054
OWA-Innovator,0.05033732839418418,0.17484835898583173,-0.07492449282669021,13,1.1515653606623348
OWA-Pragmatist,0.03107031336211931,0.14241964534463653,-0.06820340440185721,13,0.8726412226889991
OWA-Sentinel,0.029747143160552384,0.1270992381704209,-0.05795860860831902,13,0.9361863560713386
OWA-Strategist,0.03069927714081624,0.1570061319945681,-0.07541404678853743,13,0.7821166409444018
OWA-Visionary,0.055726251861117286,0.19412387189011715,-0.08276747632486209,13,1.1482617015317076
