A,B,delta,media_dif,ee_hln,t_no_inf,p_no_inf,p_tost,lim_inf_unilateral,lim_sup_unilateral,delta_min_no_inf,n
OWA-Guardian,1/N,0.01,-0.0244593675024389,0.01550249625894632,-0.932712207177251,0.8153220575665862,0.8153220575665862,-0.05208927366625901,0.0031705386613812107,0.05208927366625901,13
OWA-Guardian,1/N,0.02,-0.0244593675024389,0.01550249625894632,-0.2876548026815647,0.610740806976739,0.610740806976739,-0.05208927366625901,0.0031705386613812107,0.05208927366625901,13
OWA-Guardian,MinVar,0.01,0.005259788321714471,0.007116014793649618,2.144428976641872,0.02658466054898323,0.2589637751715793,-0.007422996290823682,0.017942572934252624,0.007422996290823682,13
OWA-Guardian,MinVar,0.02,0.005259788321714471,0.007116014793649618,3.5497099225055697,0.001999388822028103,0.030268174750746207,-0.007422996290823682,0.017942572934252624,0.007422996290823682,13
OWA-Pragmatist,1/N,0.01,-0.024873914843831366,0.02007260684822468,-0.7410056379969843,0.7635290317909332,0.7635290317909332,-0.06064907223886347,0.010901242551200733,0.06064907223886347,13
OWA-Pragmatist,1/N,0.02,-0.024873914843831366,0.02007260684822468,-0.24281424334589796,0.5938750036413869,0.5938750036413869,-0.06064907223886347,0.010901242551200733,0.06064907223886347,13
OWA-Visionary,MaxSharpe,0.01,-0.010016848492077863,0.021125292514789604,-0.0007975507115968802,0.509140525465821,0.509140525465821,-0.04766819445063902,0.0276344974664833,0.04766819445063902,13
OWA-Visionary,MaxSharpe,0.02,-0.010016848492077863,0.021125292514789604,0.47256867572049166,0.3224998188358764,0.3224998188358764,-0.04766819445063902,0.0276344974664833,0.04766819445063902,13
OWA-Pragmatist,MLP,0.01,-0.03522508088577403,0.018841875492602852,-1.3387776018197957,0.8972731472870301,0.8972731472870301,-0.06880672110133393,-0.0016434406702141302,0.06880672110133393,13
OWA-Pragmatist,MLP,0.02,-0.03522508088577403,0.018841875492602852,-0.8080448728021399,0.7826043613214182,0.7826043613214182,-0.06880672110133393,-0.0016434406702141302,0.06880672110133393,13
OWA-Pragmatist,ANFIS,0.01,-0.00912747840797594,0.018077417648372604,0.04826583138120986,0.4804946291102721,0.4804946291102721,-0.041346634920945764,0.023091678104993886,0.041346634920945764,13
OWA-Pragmatist,ANFIS,0.02,-0.00912747840797594,0.018077417648372604,0.6014421862407346,0.2793683276998582,0.2793683276998582,-0.041346634920945764,0.023091678104993886,0.041346634920945764,13
OWA-Visionary,MLP,0.01,-0.010569142386776038,0.017006021546540635,-0.03346710958929798,0.5146949241368781,0.5146949241368781,-0.040878762960279556,0.01974047818672748,0.040878762960279556,13
OWA-Visionary,MLP,0.02,-0.010569142386776038,0.017006021546540635,0.5545599002926341,0.29469117603656936,0.29469117603656936,-0.040878762960279556,0.01974047818672748,0.040878762960279556,13
OWA-Visionary,ANFIS,0.01,0.015528460091022043,0.01044773496598745,2.443444457016743,0.015481108825496248,0.6968255707351833,-0.0030924079235796226,0.03414932810562371,0.0030924079235796226,13
OWA-Visionary,ANFIS,0.02,0.015528460091022043,0.01044773496598745,3.4005897169754755,0.002631986079412285,0.3381190856752493,-0.0030924079235796226,0.03414932810562371,0.0030924079235796226,13
