slice,t,profile,alpha,ret,vol,target_vol,expected_vol
train,126,Guardian,0.0625,-0.03936941154689849,0.23042147049439002,0.11682621975523445,0.14004774716520405
train,126,Sentinel,0.1875,-0.04489010689671886,0.21172897226694976,0.12174572694530666,0.1307340229778524
train,126,Pragmatist,0.3125,-0.05748429969172972,0.2077995339589778,0.12666523413537886,0.12664041567579826
train,126,Analyst,0.4375,-0.04227666599885104,0.21285212721698643,0.13158474132545106,0.13151664497783636
train,126,Strategist,0.5625,0.008449965748738537,0.22291641847326216,0.13650424851552329,0.1365219680540975
train,126,Adventurer,0.6875,0.03022857091547556,0.23644410273620242,0.14142375570559548,0.14153612751676833
train,126,Innovator,0.8125,0.04477771083897581,0.2449001277064556,0.14634326289566768,0.14642816197407862
train,126,Visionary,0.9375,0.052293444816857666,0.25179942322686216,0.1512627700857399,0.15128408239368865
train,189,Guardian,0.0625,0.08792331226393034,0.15076995485409078,0.15146666397625658,0.15596665604127072
train,189,Sentinel,0.1875,0.08137994922465625,0.1432410527733377,0.1588304891103075,0.15894207812481076
train,189,Pragmatist,0.3125,0.08153586164374259,0.14834604558641404,0.1661943142443585,0.16627250151002654
train,189,Analyst,0.4375,0.07918041631025476,0.15500479543571793,0.17355813937840942,0.17367345099743087
train,189,Strategist,0.5625,0.08118742790871265,0.15881061714741626,0.1809219645124604,0.1808332223134141
train,189,Adventurer,0.6875,0.09104701083288297,0.16073311328558063,0.18828578964651133,0.1881223313803053
train,189,Innovator,0.8125,0.09124494574883518,0.16394430273946392,0.1956496147805623,0.19558000820489035
train,189,Visionary,0.9375,0.10434842973789146,0.16769196644292708,0.20301343991461324,0.20324374273092144
train,252,Guardian,0.0625,0.054240289417485696,0.16643576231512971,0.17087604694961828,0.17073215266223138
train,252,Sentinel,0.1875,0.04893402833178586,0.18064879744034493,0.1784042797245793,0.17848612390727123
train,252,Pragmatist,0.3125,0.04666879160042743,0.19363067799383096,0.18593251249954035,0.18583564853103768
train,252,Analyst,0.4375,0.05756876787956943,0.20467315669280114,0.19346074527450138,0.19321947446669693
train,252,Strategist,0.5625,0.053605843727247214,0.21533098100076792,0.20098897804946242,0.20083602922379493
train,252,Adventurer,0.6875,0.04814076274739749,0.21575891528802915,0.20851721082442345,0.20834109987892624
train,252,Innovator,0.8125,0.04103897004523246,0.22404264878766864,0.2160454435993845,0.2163404658546414
train,252,Visionary,0.9375,0.03610386237558673,0.23076489277414491,0.2235736763743455,0.22326123120537855
train,315,Guardian,0.0625,0.03728874376724275,0.10658343362768778,0.14062974933701275,0.14065885632625366
train,315,Sentinel,0.1875,0.03708990500266141,0.11099817339995782,0.15122853050583138,0.1514410553819153
train,315,Pragmatist,0.3125,0.027972254462401855,0.1210189657857047,0.16182731167465,0.1616789191758966
train,315,Analyst,0.4375,0.030360691829034697,0.12661105274548454,0.17242609284346866,0.17218131303975587
train,315,Strategist,0.5625,0.030977767958253667,0.1357588711078069,0.1830248740122873,0.18303234773790122
train,315,Adventurer,0.6875,0.09190974669446686,0.1508424562811255,0.1936236551811059,0.19392996437509494
train,315,Innovator,0.8125,0.10275982903874323,0.16016375640455716,0.20422243634992454,0.20407748795341557
train,315,Visionary,0.9375,0.08504292148825214,0.1569466324662921,0.21482121751874317,0.21474274750328814
train,378,Guardian,0.0625,-0.03426674739672468,0.09373828880804994,0.1230332482427856,0.12295941933492802
train,378,Sentinel,0.1875,0.023450892472733957,0.09749195802151146,0.1348548770129501,0.13486038075077475
train,378,Pragmatist,0.3125,0.033165192843084015,0.09367383741623364,0.14667650578311459,0.1468545534268416
train,378,Analyst,0.4375,0.042722204294255564,0.09702485583770258,0.1584981345532791,0.158233223555835
train,378,Strategist,0.5625,0.05206599901726843,0.10167534885067941,0.17031976332344362,0.17049755143090223
train,378,Adventurer,0.6875,0.12093540435618054,0.12519660185390522,0.1821413920936081,0.1820343458739013
train,378,Innovator,0.8125,0.13967146166960312,0.13030004592485278,0.1939630208637726,0.1943314914068703
train,378,Visionary,0.9375,0.15419078573343314,0.13466310419594152,0.2057846496339371,0.20550758078808187
train,441,Guardian,0.0625,0.011535290084364304,0.08618983625505477,0.09736591016612206,0.09732573673000752
train,441,Sentinel,0.1875,0.012515849557154655,0.09095021161202377,0.10304583269608815,0.10301270207972353
train,441,Pragmatist,0.3125,0.0026997895226874027,0.09905919001554654,0.10872575522605424,0.10885320976050528
train,441,Analyst,0.4375,0.00498257681194682,0.10910105718313537,0.11440567775602031,0.11434958996352378
train,441,Strategist,0.5625,0.0007855077321777535,0.11519667085622826,0.12008560028598642,0.11995161767253813
train,441,Adventurer,0.6875,0.10202553075551299,0.1578938896311575,0.1257655228159525,0.12584843247451977
train,441,Innovator,0.8125,0.11137346752618477,0.1750359579296654,0.13144544534591857,0.13136060766387359
train,441,Visionary,0.9375,0.10611948898704451,0.18719189176646944,0.13712536787588467,0.13730468425764553
train,504,Guardian,0.0625,0.06879238660498782,0.08277572393452842,0.09264173241534708,0.09475695277332997
train,504,Sentinel,0.1875,0.07508813629422183,0.0719293848870686,0.10140410631442262,0.10147084945049402
train,504,Pragmatist,0.3125,0.03791933288783715,0.09916138205455526,0.11016648021349816,0.10347222808596997
train,504,Analyst,0.4375,0.009092855628929013,0.10111116488679438,0.1189288541125737,0.10864859071006999
train,504,Strategist,0.5625,0.001497208609238717,0.10204125550284583,0.12769122801164925,0.11082679833682411
train,504,Adventurer,0.6875,-0.009609176446153642,0.10295615524133755,0.1364536019107248,0.11396692652508071
train,504,Innovator,0.8125,-0.022577017363583675,0.10512765862604029,0.14521597580980034,0.11639351674321571
train,504,Visionary,0.9375,-0.012166066580499877,0.10803262439390512,0.15397834970887586,0.1543261962929775
train,567,Guardian,0.0625,0.046075829061655395,0.08455393917357915,0.0727430013343475,0.0763366104742837
train,567,Sentinel,0.1875,0.07345275276646124,0.0880716136380723,0.08488414344797336,0.08493237695050174
train,567,Pragmatist,0.3125,0.0784916396508619,0.09596447045802199,0.09702528556159924,0.09695763365309665
train,567,Analyst,0.4375,0.08299777686861491,0.10403181976579146,0.10916642767522511,0.10921647700920659
train,567,Strategist,0.5625,0.08416331190299578,0.10463887623754524,0.12130756978885099,0.11068313907016744
train,567,Adventurer,0.6875,0.07905968501972915,0.10647135856638858,0.13344871190247687,0.10748535188691943
train,567,Innovator,0.8125,0.027455160750911898,0.10493732938322319,0.14558985401610275,0.09762157526899141
train,567,Visionary,0.9375,0.0974159970048105,0.14852319571378939,0.1577309961297286,0.15806009814760844
train,630,Guardian,0.0625,0.07790419215721368,0.08576969849197433,0.06083763355596311,0.0717097789996886
train,630,Sentinel,0.1875,0.060979680475847994,0.0885644791087507,0.07151662325560294,0.0716177016230014
train,630,Pragmatist,0.3125,0.06135186149414495,0.09795932087651024,0.08219561295524277,0.0821843025659674
train,630,Analyst,0.4375,0.05274126658489018,0.11185987725545213,0.09287460265488261,0.09280358049351738
train,630,Strategist,0.5625,0.04652512383536105,0.11491569561187756,0.10355359235452244,0.0950167554367554
train,630,Adventurer,0.6875,0.05775586591795023,0.11333643075178801,0.11423258205416227,0.09733370343327107
train,630,Innovator,0.8125,0.08995329924722785,0.13685048731444793,0.1249115717538021,0.1247968779266003
train,630,Visionary,0.9375,0.08659490409105376,0.1342938524543751,0.13559056145344195,0.13535357273105428
train,693,Guardian,0.0625,0.11185586649344126,0.10891778297039743,0.06417997572506655,0.09334542481793533
train,693,Sentinel,0.1875,0.11140309896777187,0.1062208742153715,0.07548782039788583,0.0925426464701164
train,693,Pragmatist,0.3125,0.09267882586765437,0.08347473097008783,0.08679566507070512,0.0867340234869893
train,693,Analyst,0.4375,0.0989107079168492,0.09046919361272442,0.09810350974352439,0.09821602477727585
train,693,Strategist,0.5625,0.10390466528666024,0.0992822956907079,0.10941135441634367,0.10936085238742083
train,693,Adventurer,0.6875,0.10437517686929478,0.10070637896593916,0.12071919908916295,0.11053927619769
train,693,Innovator,0.8125,0.10406293761566857,0.09700961934943625,0.13202704376198224,0.10973531746977491
train,693,Visionary,0.9375,0.138410236241835,0.11729218091704727,0.14333488843480152,0.14316156449598205
train,756,Guardian,0.0625,0.018956653258586992,0.23332906761638675,0.058510562352594296,0.07670009021951552
train,756,Sentinel,0.1875,0.025395765636718803,0.2401542248673471,0.06702029309767292,0.0763525802724219
train,756,Pragmatist,0.3125,-0.007185280986854464,0.23706852924447477,0.07553002384275154,0.07551401872039198
train,756,Analyst,0.4375,-0.006088252222160286,0.2418097076350151,0.08403975458783017,0.08400137217906055
train,756,Strategist,0.5625,-0.005437641309700377,0.23807049041413958,0.09254948533290878,0.09258895379274638
train,756,Adventurer,0.6875,-0.0014952244096897434,0.24396723315862823,0.1010592160779874,0.1012713886918559
train,756,Innovator,0.8125,0.0004569700264537911,0.24516717476917874,0.10956894682306603,0.10974640739399733
train,756,Visionary,0.9375,-0.007890258239309804,0.24960040689786742,0.11807867756814465,0.11790726659768655
train,819,Guardian,0.0625,0.05804840246543029,0.14711264517997358,0.13805256911496513,0.17462979954082353
train,819,Sentinel,0.1875,0.03549950378310045,0.13197153002592238,0.1464957204906897,0.15229304896006354
train,819,Pragmatist,0.3125,0.042794828088654084,0.12047087679993147,0.15493887186641428,0.15481074210753573
train,819,Analyst,0.4375,0.048216314163856085,0.12548438383817775,0.16338202324213885,0.163388623056194
train,819,Strategist,0.5625,0.05096710323643298,0.13094772938806482,0.17182517461786342,0.17172595422822126
train,819,Adventurer,0.6875,0.06684365789252274,0.14102003359588242,0.180268325993588,0.1802174941635434
train,819,Innovator,0.8125,0.07782885489018483,0.14793069727473426,0.18871147736931257,0.18850437562265537
train,819,Visionary,0.9375,0.08843648040466501,0.15876466533619257,0.19715462874503714,0.19705930505592467
train,882,Guardian,0.0625,0.12935045173118995,0.09168835173979306,0.15173338036571293,0.18017394765893344
train,882,Sentinel,0.1875,0.12031834694414002,0.08403676081083596,0.16162047415423902,0.1616079610473263
train,882,Pragmatist,0.3125,0.13102917871951517,0.07886426739357158,0.1715075679427651,0.17152842487858508
train,882,Analyst,0.4375,0.1288948649262257,0.08328817513748686,0.18139466173129118,0.18149561890805135
train,882,Strategist,0.5625,0.12304143415644245,0.09192107356562408,0.19128175551981727,0.19130576224048285
train,882,Adventurer,0.6875,0.12327833803263939,0.1007369973935305,0.20116884930834333,0.20109186498865755
train,882,Innovator,0.8125,0.13330780073095921,0.10956082848038091,0.21105594309686943,0.21102386904860587
train,882,Visionary,0.9375,0.13961666517626098,0.11702098795079564,0.22094303688539552,0.22070224568682648
train,945,Guardian,0.0625,-0.06814887638329113,0.2944868494048938,0.09661903466397918,0.1230030744379637
train,945,Sentinel,0.1875,-0.0709792645674461,0.29647216815667055,0.10874894979728658,0.12294682913074984
train,945,Pragmatist,0.3125,-0.07268062916141657,0.2977517566991789,0.120878864930594,0.12286826801240121
train,945,Analyst,0.4375,-0.15445459718172436,0.3615848306131393,0.13300878006390138,0.13299051315381805
train,945,Strategist,0.5625,-0.1959170002538424,0.3991288487310907,0.1451386951972088,0.14520134579618746
train,945,Adventurer,0.6875,-0.1997219920083847,0.42000863500710706,0.1572686103305162,0.15724060518687288
train,945,Innovator,0.8125,-0.2219183742494652,0.42899769411323085,0.1693985254638236,0.159227461246282
train,945,Visionary,0.9375,-0.22191837893040717,0.4289977041053106,0.181528440597131,0.1592274652401051
train,1008,Guardian,0.0625,0.09060617486889229,0.08818354704328674,0.14796939350994825,0.14811128610749089
train,1008,Sentinel,0.1875,0.133192910682271,0.0970156964932157,0.16897520937344168,0.1692882822496099
train,1008,Pragmatist,0.3125,0.15698521179351038,0.10225792423147823,0.18998102523693505,0.18981969039688448
train,1008,Analyst,0.4375,0.1920153648045535,0.12081526186214873,0.21098684110042848,0.21105126858045886
train,1008,Strategist,0.5625,0.20072048888507923,0.12825654983255516,0.23199265696392185,0.2223198028341271
train,1008,Adventurer,0.6875,0.20072048851770402,0.12825654983191628,0.2529984728274153,0.22231980351381606
train,1008,Innovator,0.8125,0.19804271609459376,0.1288146524853903,0.27400428869090865,0.22263756602640855
train,1008,Visionary,0.9375,0.1997550507865648,0.12844349866526858,0.2950101045544021,0.22242391156960498
train,1071,Guardian,0.0625,0.074586395695879,0.10367917256659268,0.15525911714248533,0.15535157254795542
train,1071,Sentinel,0.1875,0.06485705214136148,0.11176780643971208,0.17736888116334548,0.17725080962921033
train,1071,Pragmatist,0.3125,0.04922897569842262,0.12503254372368683,0.19947864518420563,0.19957532015801668
train,1071,Analyst,0.4375,0.0286281445467678,0.14800143863576268,0.22158840920506578,0.22131138955978394
train,1071,Strategist,0.5625,0.042823061316681066,0.15836192000742658,0.24369817322592593,0.23925622588741907
train,1071,Adventurer,0.6875,0.04282306611178047,0.15836191590685197,0.2658079372467861,0.239256226400274
train,1071,Innovator,0.8125,0.04282306417379059,0.15836191756313342,0.28791770126764626,0.23925622619522344
train,1071,Visionary,0.9375,0.045551843660747056,0.1629235290487824,0.3100274652885064,0.24250745873418633
train,1134,Guardian,0.0625,0.05430843208223361,0.15512631632548066,0.0925231974198114,0.09558552316398998
train,1134,Sentinel,0.1875,0.018851277761325596,0.15154465647344703,0.10420956142531781,0.10416724751834024
train,1134,Pragmatist,0.3125,1.368041998240266e-05,0.15889845690470056,0.11589592543082425,0.11575724302376486
train,1134,Analyst,0.4375,-0.018051208555158457,0.17248677625768274,0.12758228943633068,0.12768998698747125
train,1134,Strategist,0.5625,-0.03298340625212197,0.18617706270983675,0.13926865344183711,0.1392877856125752
train,1134,Adventurer,0.6875,-0.012292544984717529,0.20187784780703302,0.15095501744734352,0.15085949903195478
train,1134,Innovator,0.8125,0.0026822455442440706,0.1967692913372772,0.16264138145284995,0.16289481677262369
train,1134,Visionary,0.9375,0.0046882999700973114,0.20115135836733994,0.1743277454583564,0.1743828272419084
train,1197,Guardian,0.0625,-0.015397963562014748,0.09115437581059356,0.11695706015037018,0.12183743695921041
train,1197,Sentinel,0.1875,0.040972937679947155,0.08031584510226332,0.12863878749441685,0.12854276452413854
train,1197,Pragmatist,0.3125,0.08094657707832231,0.08464932610323651,0.1403205148384635,0.14017544811947455
train,1197,Analyst,0.4375,0.10122020707351315,0.09448446306615087,0.15200224218251018,0.1520536865400616
train,1197,Strategist,0.5625,0.1250706603952467,0.10538305464674971,0.16368396952655684,0.16369680194382527
train,1197,Adventurer,0.6875,0.14738033446619273,0.11718844830240155,0.1753656968706035,0.17538244914344747
train,1197,Innovator,0.8125,0.1723135121116189,0.12318132662822845,0.18704742421465015,0.1812108625249191
train,1197,Visionary,0.9375,0.1855937557178133,0.12952536442649412,0.19872915155869683,0.19473729588170854
train,1260,Guardian,0.0625,-0.09459392954542724,0.5269414682662457,0.11057523635432456,0.11411309489937832
train,1260,Sentinel,0.1875,-0.10095781361494864,0.5388129439309273,0.12061862840680351,0.12066171771950622
train,1260,Pragmatist,0.3125,-0.10908426133171086,0.5569580898152808,0.13066202045928246,0.1307263431372666
train,1260,Analyst,0.4375,-0.10978841137795775,0.577337335722196,0.14070541251176144,0.1405182481389668
train,1260,Strategist,0.5625,-0.1159133191784416,0.5988562341435956,0.1507488045642404,0.1507403583977368
train,1260,Adventurer,0.6875,-0.14744146775083128,0.5867556876626963,0.16079219661671934,0.16087439934894418
train,1260,Innovator,0.8125,-0.21722557201949855,0.6054965776252682,0.1708355886691983,0.15569406100151337
train,1260,Visionary,0.9375,-0.12463325128203503,0.6183020123503183,0.18087898072167724,0.18056057297983918
train,1323,Guardian,0.0625,0.1789194263743181,0.20965155459029403,0.3502537173289267,0.3500933311983434
train,1323,Sentinel,0.1875,0.1952845217063285,0.22145333085460853,0.371638462391468,0.37165493306312863
train,1323,Pragmatist,0.3125,0.21973116768397624,0.2323099297012446,0.3930232074540093,0.3933898791411575
train,1323,Analyst,0.4375,0.2407442892250302,0.242950703338774,0.4144079525165506,0.4146533720092109
train,1323,Strategist,0.5625,0.2489377148793992,0.24677256407754122,0.43579269757909195,0.43626570270812937
train,1323,Adventurer,0.6875,0.4089607752082969,0.276376510372928,0.45717744264163324,0.456912765307279
train,1323,Innovator,0.8125,0.6258808490669908,0.3287202384404148,0.4785621877041746,0.4784247164126661
train,1323,Visionary,0.9375,0.6662007363817972,0.343695393742248,0.49994693276671587,0.5005657533040223
train,1386,Guardian,0.0625,0.11241007203439599,0.2769744613895157,0.38824597423070784,0.42980762840978565
train,1386,Sentinel,0.1875,0.11400025202809573,0.22424351764007683,0.4124287958233793,0.41198078503551483
train,1386,Pragmatist,0.3125,0.10397554591007718,0.21630698194472167,0.4366116174160508,0.4366524160054115
train,1386,Analyst,0.4375,0.11570987681304967,0.2240316697896822,0.4607944390087223,0.4607001344084773
train,1386,Strategist,0.5625,0.13393166752666108,0.2405620416590682,0.4849772606013938,0.48474019299755583
train,1386,Adventurer,0.6875,0.1740441665042743,0.33437548585925053,0.5091600821940653,0.5094745229333412
train,1386,Innovator,0.8125,0.10615522796977125,0.3436444622879069,0.5333429037867368,0.5340442120032284
train,1386,Visionary,0.9375,0.11960879942345051,0.35465281453798086,0.5575257253794084,0.5567258661236906
train,1449,Guardian,0.0625,-0.005732705602608579,0.1497312421433699,0.1804217963295952,0.18875398687489026
train,1449,Sentinel,0.1875,0.0013833621749876623,0.16748669301560523,0.19893502897197032,0.19892296852521288
train,1449,Pragmatist,0.3125,-0.0009945793430848479,0.17945102004433397,0.21744826161434544,0.21781129055311316
train,1449,Analyst,0.4375,0.02021930005936968,0.20520769095639238,0.23596149425672056,0.23560628843704656
train,1449,Strategist,0.5625,0.020986889491717967,0.22546622627030047,0.25447472689909567,0.2545407387335742
train,1449,Adventurer,0.6875,0.02158507500712626,0.24494634419572164,0.2729879595414708,0.273031586672429
train,1449,Innovator,0.8125,0.0660856344129142,0.26156109439362607,0.2915011921838459,0.2910499684078755
train,1449,Visionary,0.9375,0.16813689583799607,0.22373548718416486,0.310014424826221,0.30997512627495594
train,1512,Guardian,0.0625,0.051862765969145984,0.13427601988736607,0.13215908892646228,0.1360320101961017
train,1512,Sentinel,0.1875,0.052975501175716554,0.13748678531968758,0.15037570804495387,0.15064883488224737
train,1512,Pragmatist,0.3125,0.07110800211016413,0.13645156068182993,0.16859232716344544,0.16894174847803406
train,1512,Analyst,0.4375,0.12975493373887267,0.15128511642024708,0.186808946281937,0.1871141972997919
train,1512,Strategist,0.5625,0.14729272120386822,0.16260278092283814,0.2050255654004286,0.20467890002491
train,1512,Adventurer,0.6875,0.17675875659761905,0.17688493213802695,0.2232421845189202,0.22329298326128016
train,1512,Innovator,0.8125,0.19850715353058468,0.1842694914324161,0.2414588036374118,0.2235772155988755
train,1512,Visionary,0.9375,0.12122537541481,0.24645052713265808,0.25967542275590333,0.2598395709797195
train,1575,Guardian,0.0625,0.06787392447035127,0.11667711355602839,0.13029467796939792,0.15045446400785267
train,1575,Sentinel,0.1875,0.049336920926732836,0.11044059225699102,0.144378928268341,0.14550409160172548
train,1575,Pragmatist,0.3125,0.03945944706862495,0.10678933320732607,0.15846317856728406,0.1583563305099155
train,1575,Analyst,0.4375,0.04388344561714976,0.10333665659560763,0.17254742886622715,0.17265255771265708
train,1575,Strategist,0.5625,0.047405370399464505,0.10975379457015187,0.1866316791651702,0.18652755335400883
train,1575,Adventurer,0.6875,0.03685292041703056,0.1126195815618843,0.2007159294641133,0.200265440431323
train,1575,Innovator,0.8125,0.03919271849677716,0.11947951247004772,0.21480017976305635,0.21487785336982682
train,1575,Visionary,0.9375,0.04751970542613137,0.1334600192519313,0.22888443006199943,0.2286322024756566
train,1638,Guardian,0.0625,0.0274484423391277,0.12768683203755055,0.1135777744412874,0.12966686438182431
train,1638,Sentinel,0.1875,0.02756242935421873,0.12770618337147782,0.12699098608972845,0.1296441581422722
train,1638,Pragmatist,0.3125,0.03100060154546258,0.1369771574026166,0.14040419773816948,0.140482153148723
train,1638,Analyst,0.4375,0.031518525101017686,0.14656117859420353,0.1538174093866105,0.15359759980137502
train,1638,Strategist,0.5625,0.034601508566028234,0.15743034457059848,0.16723062103505154,0.16749643065240807
train,1638,Adventurer,0.6875,0.02901768073836031,0.1691226672790114,0.18064383268349257,0.18054991906224957
train,1638,Innovator,0.8125,0.033183514827971765,0.1703004103930123,0.1940570443319336,0.1939904045452605
train,1638,Visionary,0.9375,0.011699698925191005,0.17976311017519203,0.20747025598037466,0.20708632345288108
train,1701,Guardian,0.0625,0.12713282274459756,0.12793235986470788,0.09815997899840634,0.11291507257206958
train,1701,Sentinel,0.1875,0.10786821638359932,0.12277752498348024,0.10454094295581191,0.11073583435692758
train,1701,Pragmatist,0.3125,0.10155926205880679,0.12156956238267329,0.11092190691321747,0.11084109242264846
train,1701,Analyst,0.4375,0.09446966733585303,0.13393075317422765,0.11730287087062305,0.11737310339601874
train,1701,Strategist,0.5625,0.1226083351889167,0.16085614177919771,0.12368383482802861,0.12368092850038098
train,1701,Adventurer,0.6875,0.17977611993225587,0.17841137887059105,0.1300647987854342,0.13022650315127324
train,1701,Innovator,0.8125,0.1595159889630622,0.16513347532526187,0.13644576274283976,0.13676121043414127
train,1701,Visionary,0.9375,0.16621929253925033,0.16928887940557868,0.14282672670024532,0.14272010178937844
train,1764,Guardian,0.0625,-0.02679022245461066,0.16220376067293135,0.10281138605565905,0.11473431389539171
train,1764,Sentinel,0.1875,0.009731881210919474,0.13895324363436362,0.11467028465767112,0.11465835917863687
train,1764,Pragmatist,0.3125,0.04866652410386775,0.1411992100619336,0.1265291832596832,0.1263986435547779
train,1764,Analyst,0.4375,0.08003691795387086,0.15031996129892242,0.13838808186169527,0.13857692428090543
train,1764,Strategist,0.5625,0.10746467414537605,0.1608232996291929,0.15024698046370735,0.15020968997734815
train,1764,Adventurer,0.6875,0.1425119078459301,0.16971175166308636,0.16210587906571944,0.16185817619518
train,1764,Innovator,0.8125,0.16874304936221476,0.18470192190267173,0.1739647776677315,0.17402336497140466
train,1764,Visionary,0.9375,0.1249829009064721,0.19802585617360755,0.18582367626974355,0.18549304288876273
train,1827,Guardian,0.0625,-0.04769519033133651,0.25089357077121804,0.13106964469414387,0.13108117083878884
train,1827,Sentinel,0.1875,-0.07007939795299546,0.28524527390269927,0.1533823720468826,0.15362719253595122
train,1827,Pragmatist,0.3125,-0.08885998836724043,0.3152069285287088,0.17569509939962136,0.17557973254649864
train,1827,Analyst,0.4375,-0.09281261984224204,0.3323335520761027,0.19800782675236012,0.18838820371818707
train,1827,Strategist,0.5625,-0.09269148552124866,0.332235454696354,0.22032055410509888,0.18825296423132917
train,1827,Adventurer,0.6875,-0.09230122859230067,0.3319702815666151,0.24263328145783764,0.18785346089456692
train,1827,Innovator,0.8125,-0.14008135540042754,0.40360741964082125,0.2649460088105764,0.26556450604608706
train,1827,Visionary,0.9375,-0.1614754947573213,0.413738119678735,0.2872587361633151,0.27684304316371905
train,1890,Guardian,0.0625,0.005432982995351243,0.16874941156446968,0.1860243421211305,0.186026311490774
train,1890,Sentinel,0.1875,0.025326249234231754,0.19803183518222184,0.21293135260666787,0.21273733131858885
train,1890,Pragmatist,0.3125,0.04124126205177395,0.22580535516174427,0.23983836309220524,0.2398151905224731
train,1890,Analyst,0.4375,0.055220260400927076,0.2523155850613922,0.26674537357774264,0.2663810753270567
train,1890,Strategist,0.5625,0.055594945893074,0.2531404420959701,0.29365238406328,0.26646196770518343
train,1890,Adventurer,0.6875,0.05648701256484309,0.2703607413506774,0.32055939454881743,0.2603162237745702
train,1890,Innovator,0.8125,0.05590201895378977,0.2751107078865727,0.3474664050343548,0.2598681213305168
train,1890,Visionary,0.9375,0.0627963592327052,0.2843936433848381,0.3743734155198921,0.2458092892217703
train,1953,Guardian,0.0625,0.07983054065442266,0.16712124238327014,0.18960620477915596,0.18968818435544163
train,1953,Sentinel,0.1875,0.05574681909899623,0.19272015058457373,0.21413450184962593,0.21449867998818403
train,1953,Pragmatist,0.3125,0.04632290398098324,0.21620878817913694,0.2386627989200959,0.23850954659342524
train,1953,Analyst,0.4375,0.0597464955289245,0.23447912865234502,0.2631910959905659,0.263572843405915
train,1953,Strategist,0.5625,0.03217144976161305,0.2638089410892566,0.28771939306103583,0.2874547244808609
train,1953,Adventurer,0.6875,0.028583006017799752,0.2808597145125018,0.31224769013150583,0.2996949373109471
train,1953,Innovator,0.8125,0.029418858336091862,0.2858342743757011,0.33677598720197577,0.30063844456996547
train,1953,Visionary,0.9375,-0.013514982528099566,0.2907398206905974,0.36130428427244576,0.29916585097245263
verify,2016,Guardian,0.0625,0.01695759677991522,0.13304045441467852,0.16634065956370714,0.16631932666012106
verify,2016,Sentinel,0.1875,-0.01458492604817634,0.15998052245769995,0.18956259741311765,0.1892173174182985
verify,2016,Pragmatist,0.3125,-0.01821742610248699,0.17850431153420665,0.21278453526252816,0.21280927658126408
verify,2016,Analyst,0.4375,-0.021462809484550403,0.19912681112323355,0.23600647311193865,0.2362670122680084
verify,2016,Strategist,0.5625,-0.020935405579894907,0.20561578491804602,0.2592284109613492,0.24306466741747085
verify,2016,Adventurer,0.6875,-0.019494317356846258,0.20759414470084617,0.2824503488107597,0.24457641987624812
verify,2016,Innovator,0.8125,-0.018598484713786747,0.20991852836359143,0.30567228666017016,0.24634019168986615
verify,2016,Visionary,0.9375,-0.01767305035753791,0.21322325409145584,0.32889422450958067,0.24821480477223365
verify,2079,Guardian,0.0625,0.025418810624331167,0.1061991701831941,0.1513181027598081,0.15142588065411472
verify,2079,Sentinel,0.1875,0.022384829764077404,0.11654234216247351,0.17586662964877764,0.17574043431598443
verify,2079,Pragmatist,0.3125,0.018699565012873495,0.14158581068436424,0.20041515653774722,0.20038483526515338
verify,2079,Analyst,0.4375,0.012400352627940512,0.16810905513690794,0.2249636834267168,0.22485736190592262
verify,2079,Strategist,0.5625,0.10745576545937606,0.18699448953302955,0.24951221031568638,0.24931188608099838
verify,2079,Adventurer,0.6875,0.13866030268107948,0.21291739588798397,0.27406073720465596,0.2743874801795344
verify,2079,Innovator,0.8125,0.14174195401636452,0.22498951633265726,0.29860926409362554,0.28985553640799816
verify,2079,Visionary,0.9375,0.13761145106055342,0.22456637392505782,0.32315779098259506,0.2909741428600934
verify,2142,Guardian,0.0625,-0.041981545983654875,0.09548907377149296,0.1136834147934973,0.12464572778510973
verify,2142,Sentinel,0.1875,-0.03596232150064055,0.1097940599044764,0.13046405097478758,0.13033302229104435
verify,2142,Pragmatist,0.3125,-0.00843826430012782,0.11747194742631852,0.14724468715607786,0.14711377608284898
verify,2142,Analyst,0.4375,0.03391646907952288,0.1300118119063407,0.16402532333736813,0.1489187934323946
verify,2142,Strategist,0.5625,0.027407066591818786,0.12792936839798252,0.1808059595186584,0.1487479173457502
verify,2142,Adventurer,0.6875,0.061833067384492,0.13051047222267984,0.19758659569994869,0.16597126578693444
verify,2142,Innovator,0.8125,0.0195778289621209,0.15194330222478905,0.21436723188123896,0.21453500467887793
verify,2142,Visionary,0.9375,0.029822245569038015,0.16478760562612965,0.23114786806252924,0.2315112973015178
verify,2205,Guardian,0.0625,0.062245959283382155,0.12629048088725994,0.09651040430960288,0.10725474803043988
verify,2205,Sentinel,0.1875,0.06657148831080087,0.12382773482257323,0.10933779146594597,0.10931182312252012
verify,2205,Pragmatist,0.3125,0.06942412433850617,0.12288335745552845,0.12216517862228905,0.12204963013102331
verify,2205,Analyst,0.4375,0.07391324619138176,0.12372433983267923,0.13499256577863214,0.13522845278128764
verify,2205,Strategist,0.5625,0.04224994306627826,0.1338415020023321,0.14781995293497524,0.14796260760599922
verify,2205,Adventurer,0.6875,0.02628820621377613,0.13366001197506172,0.1606473400913183,0.14624506163174142
verify,2205,Innovator,0.8125,0.025117359116786423,0.1332009947816209,0.1734747272476614,0.1456636834554344
verify,2205,Visionary,0.9375,0.050020042984890975,0.15077897458692957,0.1863021144040045,0.18665947165029292
verify,2268,Guardian,0.0625,0.08005555559948871,0.1005420771129509,0.09745071959516435,0.09873315465541058
verify,2268,Sentinel,0.1875,0.13012735806426187,0.11714433967724355,0.10725392802252005,0.10715696465263001
verify,2268,Pragmatist,0.3125,0.1517834156865482,0.13179300123477058,0.11705713644987575,0.11707135176593962
verify,2268,Analyst,0.4375,0.167523104109472,0.1439378439181114,0.12686034487723147,0.12678167071365035
verify,2268,Strategist,0.5625,0.14426815429049986,0.15590104420824094,0.13666355330458715,0.13647341298084195
verify,2268,Adventurer,0.6875,0.17060528653334486,0.1716214477975995,0.14646676173194287,0.14659031997555666
verify,2268,Innovator,0.8125,0.1756421246921076,0.18312926927614961,0.15626997015929855,0.1561303155994942
verify,2268,Visionary,0.9375,0.25303903367593,0.19384069767219622,0.16607317858665427,0.16570113979779064
verify,2331,Guardian,0.0625,0.002760988695852266,0.09646408883891545,0.09086069142116689,0.10107019178295643
verify,2331,Sentinel,0.1875,0.020419139250849337,0.08923929208302937,0.10011240664863977,0.10010969878968833
verify,2331,Pragmatist,0.3125,0.00669174853581016,0.0978459447427792,0.10936412187611264,0.1093207602643672
verify,2331,Analyst,0.4375,-0.008007832118341482,0.11042431415628576,0.1186158371035855,0.11854335773664704
verify,2331,Strategist,0.5625,-0.017566641452160314,0.11904329417645775,0.12786755233105837,0.12481527367265266
verify,2331,Adventurer,0.6875,-0.04471867680178355,0.1289723246700822,0.13711926755853127,0.1319819579635597
verify,2331,Innovator,0.8125,0.11790193336440659,0.15148465876431672,0.14637098278600413,0.14533524642582635
verify,2331,Visionary,0.9375,0.15277668085832308,0.1647668123364921,0.155622698013477,0.15555445544051036
verify,2394,Guardian,0.0625,0.040900603430518684,0.10570198724481623,0.08912908521833247,0.08921163762570555
verify,2394,Sentinel,0.1875,-0.018377117037607273,0.1295791056797489,0.10005836320855574,0.10013163144697593
verify,2394,Pragmatist,0.3125,-0.02546928330835984,0.15308951640145846,0.110987641198779,0.1111220780221837
verify,2394,Analyst,0.4375,-0.0349408069228039,0.16981561412913218,0.12191691918900227,0.12183023912131916
verify,2394,Strategist,0.5625,-0.037607165921428466,0.17619557622455762,0.13284619717922555,0.1266584752135344
verify,2394,Adventurer,0.6875,-0.0367814089104003,0.17463942217185852,0.14377547516944883,0.12649808329323559
verify,2394,Innovator,0.8125,-0.012642164791782227,0.20738548177824348,0.15470475315967208,0.15446779768914046
verify,2394,Visionary,0.9375,-0.005135868236880958,0.21925934246988613,0.16563403114989533,0.16550731737954416
verify,2457,Guardian,0.0625,-0.032725684951724454,0.09235160769922178,0.1015044446026038,0.10142832815817553
verify,2457,Sentinel,0.1875,-0.03496201662616614,0.11694817067146886,0.117236017108772,0.11721182098937516
verify,2457,Pragmatist,0.3125,-0.03541160696923632,0.1253180918846163,0.1329675896149402,0.13280020722643415
verify,2457,Analyst,0.4375,-0.035794101603014626,0.1243458493413923,0.1486991621211084,0.13628904049795693
verify,2457,Strategist,0.5625,-0.07026081953451925,0.15165944014268948,0.1644307346272766,0.1421361133384675
verify,2457,Adventurer,0.6875,-0.043124488724023635,0.14896455701312733,0.1801623071334448,0.14029589116933688
verify,2457,Innovator,0.8125,-0.03844942304724481,0.14867078983694304,0.19589387963961302,0.13972989294420712
verify,2457,Visionary,0.9375,-0.042626246786944134,0.14688817020027303,0.2116254521457812,0.20889432546474637
validate,2520,Guardian,0.0625,-0.01587112750444069,0.2636547476085118,0.1033653211385976,0.1243429563400654
validate,2520,Sentinel,0.1875,-0.02241268672236797,0.26700098487700386,0.12155062900375843,0.12261479983769631
validate,2520,Pragmatist,0.3125,-0.08497785326224624,0.3229137616789496,0.13973593686891925,0.1397583112735646
validate,2520,Analyst,0.4375,-0.08982163209778486,0.2917975113231231,0.1579212447340801,0.15806360209788717
validate,2520,Strategist,0.5625,-0.06255241945214265,0.26638408979531725,0.1761065525992409,0.14827121962694143
validate,2520,Adventurer,0.6875,0.010082763086562353,0.26095847034076397,0.19429186046440172,0.12843732408466083
validate,2520,Innovator,0.8125,-0.06539511215275809,0.24993811122926918,0.21247716832956254,0.12375241981009204
validate,2520,Visionary,0.9375,-0.12375677782709683,0.35250816618030284,0.23066247619472335,0.23055608999546265
validate,2583,Guardian,0.0625,0.07073926980268334,0.1362047977357546,0.1602342644585728,0.1732978919556698
validate,2583,Sentinel,0.1875,0.0487729249266143,0.13696908789976253,0.1839022197863444,0.18388922123432294
validate,2583,Pragmatist,0.3125,0.0962096256876354,0.14559733467396352,0.20757017511411596,0.19778676526264632
validate,2583,Analyst,0.4375,0.10540866256724743,0.14301583074305071,0.23123813044188757,0.19871387646846167
validate,2583,Strategist,0.5625,0.1054086760834818,0.14301582543844413,0.2549060857696591,0.19871387819156527
validate,2583,Adventurer,0.6875,0.1790202552005862,0.14119523431406136,0.2785740410974307,0.21737682057062208
validate,2583,Innovator,0.8125,0.17343129270139354,0.13520990420270976,0.3022419964252023,0.20882413355721366
validate,2583,Visionary,0.9375,0.1914357346027549,0.23093804806924093,0.3259099517529739,0.32583031443830623
validate,2646,Guardian,0.0625,0.041473187543361135,0.07499954284588424,0.17287735534168877,0.173051537585816
validate,2646,Sentinel,0.1875,0.04359609262921869,0.08216109965970698,0.19357401842429295,0.19381235441451378
validate,2646,Pragmatist,0.3125,0.04510220074457915,0.09313463768773796,0.21427068150689713,0.21417947744412097
validate,2646,Analyst,0.4375,0.04646474225929878,0.10482990192839116,0.2349673445895013,0.23444923348797223
validate,2646,Strategist,0.5625,0.020050478146762207,0.10252171302590136,0.25566400767210545,0.22452085915217543
validate,2646,Adventurer,0.6875,0.02050197343804088,0.10220445240193766,0.2763606707547096,0.2234622387286868
validate,2646,Innovator,0.8125,0.011401275675698045,0.15072377697877123,0.2970573338373138,0.28490193546607123
validate,2646,Visionary,0.9375,0.03839635992555039,0.13421232594962698,0.317753996919918,0.3174058141929171
validate,2709,Guardian,0.0625,0.06903326896246076,0.09076483528882665,0.10553812999308534,0.11034062463138813
validate,2709,Sentinel,0.1875,0.0886928420160763,0.09426127658802025,0.11582720699186146,0.11584106429154829
validate,2709,Pragmatist,0.3125,0.10999469281665127,0.10666033313245427,0.12611628399063757,0.12614782450479298
validate,2709,Analyst,0.4375,0.1210820089514218,0.1207237797318773,0.1364053609894137,0.13640263550800208
validate,2709,Strategist,0.5625,0.14492724311462943,0.13212226145748285,0.14669443798818982,0.14660564583198782
validate,2709,Adventurer,0.6875,0.14619011136783525,0.1493188756797554,0.15698351498696594,0.15721590813402686
validate,2709,Innovator,0.8125,0.1513106077886004,0.1605423498828591,0.16727259198574207,0.16698398451370722
validate,2709,Visionary,0.9375,0.09445270539810272,0.16016307220895057,0.17756166898451817,0.17790182922756032
validate,2772,Guardian,0.0625,0.09029630686347993,0.13033496584366042,0.08300422758518476,0.08679650512520068
validate,2772,Sentinel,0.1875,0.09244725406024053,0.10884207973226472,0.09131110708867214,0.09421287284078421
validate,2772,Pragmatist,0.3125,0.07852313482740456,0.11465734094312748,0.09961798659215951,0.09964613137735563
validate,2772,Analyst,0.4375,0.05583967794879441,0.12831013539025843,0.10792486609564689,0.10806624024193494
validate,2772,Strategist,0.5625,0.01624572801791048,0.1398553266089039,0.11623174559913427,0.11622699502694415
validate,2772,Adventurer,0.6875,-0.008481794042654749,0.15393186372044287,0.12453862510262165,0.1246848828237789
validate,2772,Innovator,0.8125,-0.02665392248751188,0.1658919831638923,0.13284550460610903,0.13178248676944188
validate,2772,Visionary,0.9375,-0.03392103667215879,0.16767749125498208,0.1411523841095964,0.13139181117278972
